time,infector,infectee,run_id
0.0,,xt,1
0.0,,ks,2
0.7125394409482542,ks,zb,2
2.543123603483343,ks,bz,2
3.694111321736921,bz,dv,2
