time,infector,infectee,run_id
0.0,,bz,1
0.013189887136050191,bz,ks,1
0.0,,qr,2
0.026618461320164852,qr,oh,2
