time,infector,infectee,run_id
0.0,,qr,1
0.0,,mw,2
0.26493819260802215,mw,bz,2
2.0432942072176257,bz,by,2
