time,infector,infectee,run_id
0.0,,by,1
0.7426205776326358,by,dv,1
0.7834985566872562,by,oh,1
0.8493360460437908,dv,xt,1
0.8746536378623929,xt,bz,1
0.9117258846883339,xt,qa,1
1.1677030376236055,qa,mw,1
1.2721530947633861,bz,zb,1
1.3321658351884018,oh,gv,1
1.4612078862578637,qa,ks,1
1.4804360425620038,ks,il,1
1.4832502063878097,oh,vd,1
2.72763945899153,zb,sq,1
0.0,,il,2
