time,infector,infectee,run_id
0.0,,grr	,1
0.07866115330092577,grr	,rnb	,1
0.0,,bgr	,2
0.0,,rng	,3
0.0,,nrb	,4
0.004455206695107322,nrb	,ryn	,4
0.0,,rgn	,5
0.4027826087381631,rgn	,oon	,5
