time,infector,infectee,run_id
0.0,,58F,1
1.0769495649838177,58F,H36M,1
3.575914724664023,H36M,E24F,1
0.0,,G16M,2
0.0,,E43F,3
1.1559278389327832,E43F,H36M,3
1.2412237403471504,E43F,C6M,3
0.0,,G16M,4
1.6597510176534769,G16M,E52F,4
0.0,,E24F,5
