time,infector,infectee,run_id
0.0,,T2558,1
0.0,,T2538,2
0.0,,T4141,3
0.3534372748513307,T4141,T4251,3
0.6066976460358187,T4141,T3298,3
0.7577398489773697,T4141,T4142,3
0.0,,T2024,4
0.0,,T34,5
