time,infector,infectee,run_id
0.0,,3,1
0.0,,5,2
2.5779870940918976,5,18,2
5.700479280251102,18,7,2
0.0,,16,3
0.6586397296916041,16,9,3
2.0479913166493824,16,19,3
2.193473694905768,16,10,3
2.847606403598696,19,2,3
0.0,,7,4
0.07034664909694006,7,18,4
0.6931947637370521,18,5,4
0.0,,4,5
0.3318808114972416,4,1,5
