time,infector,infectee,run_id
0.0,,orejas,1
0.0,,marley,2
0.5026164023878176,marley,tamara,2
1.467110752609189,tamara,jose,2
1.4809385308924634,marley,lola,2
1.8968187664661187,jose,monga,2
2.270660977167051,tamara,chao,2
0.0,,ana,3
0.0,,lola,4
0.0,,quique,5
