time,infector,infectee,run_id
0.0,,F,1
0.5278180139133826,F,4F,1
4.288569265430945,F,5F,1
0.0,,E,2
0.8518190883245471,E,3F,2
0.0,,7F,3
2.1873959946521406,7F,J,3
0.0,,1F,4
1.9077309171724341,1F,C,4
2.1472385315873086,C,2F,4
0.0,,I,5
