time,infector,infectee,run_id
0.0,,2CF,1
0.0,,17AF,2
0.3393863325149702,17AF,13M,2
0.0,,13M,3
0.0,,5BM,4
4.376886093777779,5BM,12F,4
10.7629961515686,12F,14M,4
11.203277026642319,12F,7M,4
11.705396218256238,14M,12CF,4
12.377311359899029,7M,5F,4
13.868049950617637,7M,16F,4
0.0,,17AF,5
