time,infector,infectee,run_id
0.0,,3,1
2.41319484922581,3,0,1
2.7112110417544026,3,12,1
2.875645246571116,12,6,1
3.7318250605462637,12,14,1
3.7441392617888507,14,10,1
4.043037361320587,14,5,1
9.062969029647592,10,8,1
9.353220082712664,12,11,1
0.0,,9,2
0.0,,1,3
0.0,,9,4
0.0,,10,5
