time,infector,infectee,run_id
0.0,,S,1
0.0,,F,2
0.2866580532776771,F,CHAFFRON,2
0.7886947865940254,F,D,2
1.2462343640416096,D,7,2
1.47832636091135,CHAFFRON,4,2
2.1701392079796507,F,BLOWHOLE,2
2.8133827137202854,D,BB,2
0.0,,HP,3
0.0,,HP,4
0.05928955270653671,HP,G,4
0.0,,STARSCAR,5
