time,infector,infectee,run_id
0.0,,053516324,1
0.10431959464765202,053516324,062306860,1
0.0,,066835841,2
0.5402318902495882,066835841,061796621,2
1.9281236012265863,061796621,053571806,2
0.0,,062081822,3
0.0,,053516324,4
0.28832775047012765,053516324,067066055,4
0.7416996997289753,053516324,066808809,4
3.3748275350346315,066808809,062300782,4
0.0,,062300322,5
2.6685998821811316,062300322,062081822,5
4.949128097396032,062300322,059551819,5
