time,infector,infectee,run_id
0.0,,V4,1
0.07375440854376711,V4,V5,1
0.21988967095210551,V5,V11,1
0.24082232439452247,V11,V3,1
0.28245609910594616,V5,V8,1
0.37788922827085974,V5,V6,1
1.0823334547740937,V6,V7,1
1.3416232940427781,V6,V9,1
1.5349964133504324,V5,V10,1
0.0,,V1,2
0.0,,V2,3
0.0,,V1,4
0.0,,V2,5
