time,infector,infectee,run_id
0.0,,GANC,1
0.0,,FNCT,2
0.0,,NLSC,3
0.0,,OESC,4
0.0,,FKSK,5
0.3041517771867816,FKSK,CRSC,5
0.3167192478951336,CRSC,SOCT,5
0.3198580325622245,CRSC,NOSM,5
0.4201610989921336,FKSK,GANC,5
0.44116744819612785,FKSK,IYSC,5
0.47367519081095566,GANC,IMSC,5
0.5290494138434443,GANC,GYOS,5
0.5678206407556267,IMSC,SYSC,5
0.6128160748361605,GANC,CMDK,5
0.7075097576045276,NOSM,OESC,5
0.7842982600872401,GANC,SESC,5
1.0348879413575753,SESC,NHCT,5
