time,infector,infectee,run_id
0.0,,M,1
1.166090730842308,M,37M,1
1.3751670308600292,37M,T,1
2.1160461616882618,37M,O,1
2.4496822729315646,O,28M,1
0.0,,R,2
0.17478059260714354,R,14M,2
0.0,,37M,3
0.2782482172703324,37M,M,3
0.7746566390507763,37M,T,3
1.8271382202319217,37M,O,3
3.999873464454801,O,28M,3
0.0,,5M,4
0.2785139835873992,5M,N,4
2.259099557005639,N,40M,4
3.140440453724958,40M,Q,4
0.0,,14M,5
