time,infector,infectee,run_id
0.0,,61,1
0.007466898659100682,61,51,1
2.927285932635511,51,14,1
0.0,,34,2
0.5853616656746402,34,33,2
3.693670850879291,33,15,2
0.0,,11,3
0.0,,33,4
0.0,,24,5
0.10540042239364651,24,Q,5
0.9133733140885862,24,17,5
