time,infector,infectee,run_id
0.0,,1,1
0.06353927465428102,1,13,1
0.07232866197582109,13,12,1
0.07778535428574083,12,5,1
0.0961376740013744,12,7,1
2.0944713422377097,7,6,1
0.0,,11,2
0.0,,10,3
0.0,,5,4
0.18489736201041884,5,4,4
0.19142970109991922,5,0,4
0.5234468746259842,5,8,4
0.7408506703227938,5,12,4
0.8293087883565601,12,13,4
1.150398364976821,12,7,4
0.0,,7,5
0.0824717226612946,7,12,5
0.8798804423818198,12,13,5
