time,infector,infectee,run_id
0.0,,081819034,1
0.0,,092773374,2
0.030171969028230442,092773374,092567775,2
0.16534254526830125,092773374,096359770,2
1.4650828887695044,096359770,092305009,2
3.563693029595787,096359770,092293382,2
3.6714805394428907,092305009,095581275,2
4.187878031856651,092293382,092083585,2
6.265493812010372,092083585,092787028,2
0.0,,081320014,3
0.4682612711202673,081320014,081322847,3
0.0,,095581275,4
0.0,,081819034,5
