time,infector,infectee,run_id
0.0,,Hm2,1
0.07979832339986616,Hm2,Hf2,1
0.20139654357899964,Hf2,Tm1,1
2.120141307521245,Hf2,Sm3,1
0.0,,Mm1,2
0.0,,Tm1,3
3.406868301013177,Tm1,Hf2,3
3.451254712603887,Hf2,Sm3,3
0.0,,Sf1,4
1.3354149143789604,Sf1,Sm1,4
1.9105034966532677,Sm1,Sf3,4
3.5112391642905534,Sm1,Sf4,4
3.898747730377764,Sf4,Sm2,4
8.422904629733495,Sm2,Sf2,4
0.0,,Hf1,5
