time,infector,infectee,run_id
0.0,,ZYVM,1
0.0,,UWUM,2
0.0,,VMWL,3
0.0,,UMVL,4
2.4136640096446924,UMVL,VMZU,4
3.1460621868191936,VMZU,VMZZ,4
3.700048723946168,VMZU,YOFM,4
4.491801015778502,VMZZ,UMYO,4
6.766642090825709,VMZZ,UMOE,4
6.913280810769421,UMOE,WWFM,4
0.0,,FMLZ,5
0.018699322514251174,FMLZ,FMZF,5
