time,infector,infectee,run_id
0.0,,64,1
6.5909272521578295,64,Q,1
17.626241527856344,Q,59,1
0.0,,47,2
0.0,,25,3
0.09055017730816006,25,17,3
0.4843221771404437,17,27,3
1.5722321749171564,27,70,3
1.7919883383092745,27,73,3
0.0,,12,4
1.3961697025765045,12,36,4
1.4344647724245043,12,33,4
6.26825746685903,12,68,4
0.0,,36,5
9.569555028549908,36,12,5
16.491561477241838,12,68,5
21.54918622421797,68,65,5
