time,infector,infectee,run_id
0.0,,053263068,1
0.0,,053841342,2
0.0,,056273863,3
0.2819610504097854,056273863,052636556,3
0.3359058809138009,052636556,053050008,3
0.5112964303999783,053050008,056008286,3
1.175308106425511,053050008,055814813,3
0.0,,052876542,4
0.0,,055551578,5
0.39972646111044147,055551578,052613548,5
