time,infector,infectee,run_id
0.0,,ML,1
3.9771509402377543,ML,1F,1
0.0,,BK,2
3.596727008445741,BK,9F,2
0.0,,8F,3
0.06657500009131681,8F,SC,3
0.0,,10F,4
1.0103871910968973,10F,6L,4
2.1904913557166203,6L,12F,4
0.0,,2F,5
1.335743993300936,2F,3HL,5
