time,infector,infectee,run_id
0.0,,062779610,1
0.5362656187566084,062779610,066840854,1
0.0,,059556553,2
0.7788618862990486,059556553,067023588,2
0.8768848376553313,067023588,067854119,2
1.6959634571068625,067023588,066830577,2
0.0,,067023588,3
0.0,,066828259,4
0.0,,067108828,5
1.305656733615227,067108828,059093318,5
1.3273865073926965,059093318,062070364,5
1.3849871571550554,059093318,067057333,5
2.6728193498153625,062070364,067278087,5
