time,infector,infectee,run_id
0.0,,3,1
0.0,,9,2
1.8921804178533663,9,6,2
1.924089823104052,6,12,2
0.0,,15,3
0.6327967307188983,15,10,3
0.72077085879024,10,12,3
0.8825081123777323,10,13,3
1.125621614657641,15,3,3
1.1638710501378697,12,6,3
1.377557965943713,3,5,3
1.4116819845193358,12,8,3
1.802338101497797,3,11,3
1.9691561212378519,3,0,3
0.0,,2,4
0.0,,7,5
