time,infector,infectee,run_id
0.0,,T103,1
0.3039317927114718,T103,T106,1
0.40288538193704015,T103,T136,1
0.41314291028947364,T136,T416,1
0.5571075987279716,T416,T218,1
0.6389226536876716,T106,T503,1
0.6985382368571494,T136,T109,1
0.7765592443670284,T503,T102,1
0.8098471943734459,T106,T122,1
0.857914529347621,T106,T422,1
0.0,,T423,2
0.0,,T101,3
0.0,,T225,4
0.0,,T223,5
