time,infector,infectee,run_id
0.0,,Sm1,1
0.23287092164827658,Sm1,Sf4,1
0.6570824781180113,Sf4,Sm2,1
1.675649075649001,Sm2,Sf2,1
2.7494537004491812,Sm2,Sf3,1
0.0,,Sf4,2
4.563426538558458,Sf4,Sm1,2
0.0,,Sm2,3
1.348920194318244,Sm2,Sf3,3
1.8728659872819364,Sm2,Sf4,3
2.4386268411750702,Sf4,Sm1,3
3.191325221815207,Sm1,Sf1,3
0.0,,Sf1,4
0.0,,Tm2,5
0.25437384406723407,Tm2,Mf2,5
0.8559889752657114,Mf2,Mm2,5
