time,infector,infectee,run_id
0.0,,T526,1
0.42245637446382633,T526,T626,1
2.8167571721223865,T526,T575,1
3.20931914628644,T575,T538,1
3.2416059043466148,T575,T543,1
0.0,,T543,2
2.895391442941779,T543,T575,2
2.935440285140327,T575,T526,2
3.6804766888829565,T526,T626,2
5.782651706882148,T575,T538,2
0.0,,T543,3
0.0,,T173,4
0.0,,T1064,5
