time,infector,infectee,run_id
0.0,,047107851,1
3.6864471004479658,047107851,047022068,1
6.682918927747503,047107851,047071078,1
9.933929627674305,047071078,047069380,1
14.22032193701044,047069380,047099563,1
16.086694566673387,047099563,047069571,1
0.0,,047023370,2
0.0,,047057040,3
0.0,,047013859,4
0.0,,045300874,5
