time,infector,infectee,run_id
0.0,,187,1
0.0,,341,2
0.0,,BIA,3
0.08807918927475183,BIA,41,3
0.33686765972118504,41,90,3
0.5807324344534011,90,TAM,3
0.0,,283,4
0.0,,174,5
0.31223503004267184,174,429,5
0.5682894672731668,429,440,5
