time,infector,infectee,run_id
0.0,,079797292,1
0.5848730349430513,079797292,079619317,1
0.0,,079600303,2
0.0,,072626337,3
0.0,,079792829,4
6.622342306798219,079792829,079612350,4
6.800243971604609,079792829,079626113,4
7.491854538669433,079792829,079627087,4
0.0,,073033266,5
