time,infector,infectee,run_id
0.0,,V4,1
0.7102491719348133,V4,V7,1
2.056431135304081,V4,V6,1
3.3046598307095185,V4,V9,1
3.8319508042679673,V9,V13,1
3.842300401436398,V9,V12,1
5.087019299721921,V13,V5,1
6.454823201167954,V4,V10,1
0.0,,V1,2
0.0,,V7,3
0.6389073279724685,V7,V14,3
2.096222829070087,V7,V10,3
0.0,,V1,4
1.8607860717857099,V1,V8,4
0.0,,V5,5
