time,infector,infectee,run_id
0.0,,29,1
0.8215361451904943,29,68,1
0.0,,27,2
0.0,,4,3
0.0,,58,4
3.165689430911348,58,63,4
0.0,,68,5
