time,infector,infectee,run_id
0.0,,4,1
0.10373977642983223,4,1,1
0.0,,7,2
1.0289930571870625,7,18,2
1.2084830473365435,18,5,2
0.0,,7,3
0.14491993560974667,7,18,3
0.0,,4,4
0.40913385638740396,4,1,4
0.4334501664490841,1,16,4
0.0,,5,5
0.35281504733116664,5,18,5
0.37639663116264455,18,7,5
