time,infector,infectee,run_id
0.0,,12,1
0.908010082410136,12,2,1
8.321000780592922,2,19,1
0.0,,4,2
0.0,,7,3
0.0,,12,4
0.0,,10,5
0.7621880678567867,10,16,5
