time,infector,infectee,run_id
0.0,,65,1
0.04121298818285828,65,51,1
0.7887110906338801,51,NNL,1
0.0,,24,2
0.0,,27,3
0.0,,56,4
0.0,,74,5
0.13328248565191103,74,25,5
0.2338703095483417,25,53,5
