time,infector,infectee,run_id
0.0,,T417,1
0.0,,T433,2
1.5700121085649106,T433,T221,2
1.6656904732721611,T433,T410,2
0.0,,T116,3
0.0,,T228,4
0.0,,T432,5
