time,infector,infectee,run_id
0.0,,TPV109,1
0.0,,TPV136,2
0.0,,TPV122,3
0.06439215295686003,TPV122,TPV150,3
1.9365457274266675,TPV122,TPV140,3
2.994539648369642,TPV122,TPV148,3
3.704817246375871,TPV148,TPV156,3
0.0,,TPV152,4
0.0,,TPV117,5
