time,infector,infectee,run_id
0.0,,V10,1
0.8688199879159529,V10,V4,1
3.811113502507158,V10,V2,1
4.20448197381089,V10,V1,1
4.28848700237545,V2,V14,1
6.131479922604538,V10,V5,1
7.405188882604159,V5,V11,1
7.991899152513212,V11,V13,1
8.420847572380527,V11,V6,1
9.025789564274207,V11,V9,1
0.0,,V3,2
0.0,,V14,3
0.8381264299300686,V14,V2,3
1.6115014994213972,V2,V6,3
1.8660801832524652,V6,V4,3
2.288216174645533,V2,V13,3
0.0,,V4,4
0.26758887326395303,V4,V9,4
0.0,,V12,5
