time,infector,infectee,run_id
0.0,,57,1
0.0,,16,2
0.14857525099818503,16,49,2
0.0,,28,3
0.0,,75,4
4.34713847049913,75,66,4
0.0,,28,5
