time,infector,infectee,run_id
0.0,,062300322,1
0.0,,063553602,2
0.0,,066809638,3
1.9982693453514453,066809638,062770825,3
0.0,,062101614,4
16.453233452846607,062101614,063369126,4
19.800000085367596,063369126,066857009,4
26.39888694561999,066857009,063368122,4
0.0,,062274382,5
0.8100463250530133,062274382,063553602,5
3.6446790445029102,062274382,062300322,5
4.783459874099582,062300322,067008866,5
7.184926630920426,063553602,067855841,5
