time,infector,infectee,run_id
0.0,,46M,1
0.0,,26M,2
1.3534504659375517,26M,135F,2
1.4946148741357566,135F,18M,2
3.995501550809036,135F,36M,2
6.16527777707566,36M,103F,2
6.707460215006455,36M,117F,2
7.274919178015993,117F,62M,2
7.880942451634153,103F,6M,2
0.0,,15M,3
0.4175116684910108,15M,139F,3
0.0,,113F,4
0.0,,6M,5
0.4812437141723107,6M,140F,5
