time,infector,infectee,run_id
0.0,,TCS0066,1
0.0,,TFW6752,2
3.588239854837039,TFW6752,TCS0012,2
8.441264912614857,TCS0012,TCS0055,2
0.0,,TCS0026,3
0.0,,TCS0055,4
1.5197245281078855,TCS0055,TCS0030,4
0.0,,TCS0054,5
