time,infector,infectee,run_id
0.0,,1,1
0.0,,5,2
0.0,,13,3
1.3771687958722112,13,11,3
1.7315944403731351,11,8,3
2.9213574072124002,11,5,3
3.300112065799548,5,7,3
3.8221354645476717,5,14,3
4.836262788605474,14,3,3
5.111574609940476,3,0,3
0.0,,13,4
0.0,,14,5
