time,infector,infectee,run_id
0.0,,081323638,1
0.0,,092295260,2
0.0,,081326817,3
0.14753052918796156,081326817,092619058,3
0.0,,081784328,4
0.4600540140869039,081784328,081330588,4
0.0,,092326368,5
