time,infector,infectee,run_id
0.0,,TCS0002,1
0.0,,TFW6752,2
1.512079683039101,TFW6752,TCS0005,2
0.0,,TCS0010,3
0.0,,TCS0005,4
0.26559091070912727,TCS0005,TFW6752,4
1.090266546809794,TCS0005,TCS0004,4
0.0,,TCS0045,5
0.8058468805846991,TCS0045,TCS0004,5
1.1467590697350998,TCS0004,TCS0005,5
3.936853848608573,TCS0004,TCS0046,5
