time,infector,infectee,run_id
0.0,,FM1,1
0.0,,J1,2
0.0,,FF5,3
0.0,,FM3,4
0.0,,JF1,5
0.10736843588206574,JF1,FM2,5
1.9766623501038798,FM2,YF1,5
