time,infector,infectee,run_id
0.0,,T304,1
1.189108089917746,T304,T323,1
0.0,,T301,2
0.0,,T431,3
0.0,,T316,4
0.0,,T136,5
0.18057373884722994,T136,T218,5
