time,infector,infectee,run_id
0.0,,053353835,1
0.0,,052807841,2
0.0,,053773632,3
0.0,,053113869,4
0.0,,052579836,5
0.9371362341336097,052579836,052830531,5
1.0977092998069207,052579836,056014352,5
