time,infector,infectee,run_id
0.0,,053031587,1
0.0,,052837101,2
0.0,,067287606,3
0.0,,066869526,4
0.0,,067287606,5
0.00013041568262843486,067287606,067010808,5
2.90895475586456,067287606,068803808,5
