time,infector,infectee,run_id
0.0,,081325810,1
0.7012721747042265,081325810,081305289,1
0.0,,081332012,2
0.0,,092562267,3
3.1433521059208958,092562267,081326109,3
0.0,,081325810,4
1.043138989197019,081325810,081305289,4
0.0,,081792004,5
0.2684813212692208,081792004,081313104,5
5.015900855847729,081792004,081327269,5
