time,infector,infectee,run_id
0.0,,TFW6755,1
0.0,,TFW6755,2
0.0,,TPV139,3
0.0,,TPV143,4
19.064500914796014,TPV143,TPV142,4
0.0,,TPV109,5
0.9501993455209744,TPV109,TPV114,5
3.325974952964362,TPV109,TPV133,5
4.794492581890293,TPV109,TPV117,5
5.384038711880132,TPV117,TPV144,5
8.186715805105631,TPV117,TFW7444,5
9.064911391005873,TPV117,TFW6755,5
