time,infector,infectee,run_id
0.0,,0,1
0.0,,8,2
0.05562808153868518,8,11,2
0.3031844192668608,8,16,2
0.4992348403065466,16,5,2
0.5887195747126868,11,13,2
1.427232574469956,5,2,2
1.6860952311784088,2,15,2
2.051171662534847,5,7,2
0.0,,8,3
0.0,,8,4
0.0,,4,5
