time,infector,infectee,run_id
0.0,,3KG,1
0.0,,5411,2
0.5101848271495971,5411,3CA,2
0.5660723130447675,3CA,3QA,2
0.6079189335717499,3QA,X579,2
0.849571956603359,3QA,8JC,2
1.0020995458239357,3QA,G6213,2
1.052588654148114,G6213,8RS,2
1.0619547570684882,3QA,3PE,2
1.4654867783193775,3QA,3MA,2
1.871359547634615,3MA,GL,2
0.0,,8RS,3
0.0,,GL,4
0.3463475657550779,GL,8DM,4
0.0,,6ZN,5
