time,infector,infectee,run_id
0.0,,072819792,1
0.0,,079618341,2
0.0,,079558374,3
0.0,,096356084,4
0.0,,079772634,5
0.43939539921576914,079772634,079768283,5
0.8673052281707676,079768283,079780370,5
1.0036833222607162,079772634,096377550,5
1.3255633517003917,079768283,096553292,5
1.8627704996666956,079768283,079800100,5
