time,infector,infectee,run_id
0.0,,7,1
5.235535974774916,7,2,1
0.0,,11,2
0.0,,18,3
0.17097974551768524,18,12,3
0.0,,7,4
4.521125195175313,7,2,4
0.0,,5,5
