time,infector,infectee,run_id
0.0,,61865F6,1
0.2360245429773941,61865F6,66CCAB3,1
0.0,,61F7EB0,2
0.0,,61F7EB0,3
0.0,,66CCAB3,4
1.4706264314115456,66CCAB3,61865F6,4
0.0,,66E1536,5
0.507382835605011,66E1536,670D222,5
