time,infector,infectee,run_id
0.0,,41M,1
0.0,,B20M,2
0.6175020680004705,B20M,56F,2
1.5437950231863637,56F,35M,2
1.5649599208543115,35M,B56F,2
0.0,,B4M,3
0.0,,53M,4
0.0,,70F,5
0.044572722199010366,70F,C5M,5
