time,infector,infectee,run_id
0.0,,072892020,1
0.0,,073022544,2
0.45777960730148226,073022544,072849603,2
1.4271838867267284,072849603,072789331,2
0.0,,073022544,3
0.0,,079576527,4
1.0344799775060665,079576527,079552284,4
1.817870563985449,079552284,073022544,4
0.0,,072812092,5
0.5869871398319786,072812092,072849603,5
0.708621064247276,072849603,073022544,5
1.5110035017263088,073022544,079552284,5
