time,infector,infectee,run_id
0.0,,UNK,1
1.3193799503968178,UNK,X528,1
0.0,,5773,2
1.2201651394191577,5773,6RA_6491_6493,2
1.4719751349079506,6RA_6491_6493,6ZN_6387_6604,2
2.610024124346392,6RA_6491_6493,3TC_5777,2
0.0,,T850,3
0.9027911046193454,T850,7520,3
0.0,,YM,4
0.3278691367582465,YM,YR,4
0.8509307172430916,YR,YJ,4
1.703580811862686,YR,YI,4
0.0,,6ZN_6387_6604,5
1.0548898183329651,6ZN_6387_6604,6RA_6491_6493,5
2.6239975870798515,6RA_6491_6493,3TC_5777,5
3.549250581751377,3TC_5777,5773,5
