time,infector,infectee,run_id
0.0,,SU,1
1.223889474935416,SU,GE,1
2.111943731263636,SU,NI,1
2.180549082771623,NI,GI,1
2.18410197992458,GI,GA,1
3.17459994296896,GE,PHI,1
3.3737235256679785,GE,SA,1
4.1579187740106445,GA,RA,1
5.16134246793063,GA,PA,1
0.0,,PA,2
1.440212326609384,PA,GI,2
0.0,,SA,3
0.0,,DA,4
0.0,,GA,5
