time,infector,infectee,run_id
0.0,,053054615,1
0.05729287771896767,053054615,053634616,1
1.4019605460647433,053634616,056068783,1
0.0,,053834348,2
0.0,,052878374,3
2.0403875564926013,052878374,053568529,3
0.0,,055551081,4
0.0,,053574289,5
0.5313668813329352,053574289,053259336,5
