time,infector,infectee,run_id
0.0,,97M,1
0.7152412570834413,97M,115F,1
1.2358638120479521,115F,88M,1
1.267335690892899,115F,91M,1
2.9353656494444054,115F,90M,1
3.883440015300527,91M,128F,1
0.0,,89M,2
0.0,,132F,3
0.8942970430496849,132F,73M,3
0.0,,98M,4
0.0,,122F,5
0.2949100895207442,122F,78M,5
1.1727416692343149,78M,117F,5
