time,infector,infectee,run_id
0.0,,TPV140,1
0.0,,TPV114,2
0.029968722992214383,TPV114,TFW6755,2
0.5948003064002769,TPV114,TFW7444,2
0.0,,TPV150,3
0.0,,TPV136,4
0.0,,TPV122,5
1.6941882517868654,TPV122,TPV150,5
2.4569727641507115,TPV122,TPV140,5
