time,infector,infectee,run_id
0.0,,T5313,1
0.356262161477378,T5313,T5101,1
0.7491134708050565,T5313,T5073,1
0.8062488703722668,T5101,T5149,1
1.1406838483848625,T5073,T5209,1
1.473803622421591,T5149,T5141,1
0.0,,T4278,2
0.0,,T3801,3
0.0,,T5103,4
0.6331008802960711,T5103,T5566,4
0.0,,T3337,5
0.5590451246706777,T3337,T3345,5
1.101357304038797,T3345,T3526,5
1.2580871231239197,T3345,T45,5
4.343281806742823,T3526,TUNMARKED,5
