time,infector,infectee,run_id
0.0,,13,1
0.0,,5,2
0.20670524236001808,5,10,2
0.7758376350797372,10,7,2
0.0,,21,3
1.8141235540105052,21,17,3
0.0,,20,4
0.0,,9,5
