time,infector,infectee,run_id
0.0,,68,1
0.0,,71,2
0.4690200185829071,71,27,2
0.0,,64,3
1.0090986404301499,64,25,3
0.0,,27,4
0.10781905471473811,27,59,4
0.0,,51,5
