time,infector,infectee,run_id
0.0,,6491,1
0.2894982107417972,6491,YA,1
0.0,,YB,2
1.0696704180150785,YB,YE,2
0.0,,5773,3
0.2622102285076516,5773,3TC_5777,3
0.0,,UT,4
1.8963293756947235,UT,unknown,4
2.1160745855972563,UT,UH,4
2.5014447496253,UH,7721,4
0.0,,YE,5
