time,infector,infectee,run_id
0.0,,9F,1
0.8082171799150097,9F,BK,1
0.0,,BBE,2
0.881683584068618,BBE,4F,2
0.0,,7F,3
0.681811658182403,7F,HD,3
0.0,,7F,4
0.0,,6F,5
0.4514480058744655,6F,ZZ,5
