time,infector,infectee,run_id
0.0,,14,1
0.04444614373036537,14,1,1
1.8187119739662558,14,2,1
2.149485525351085,14,7,1
2.253742745733798,2,3,1
0.0,,3,2
0.045688095010834595,3,7,2
0.20112805490778513,7,14,2
0.40822826151971037,14,2,2
0.5164410104873338,7,13,2
0.8740782530837463,7,0,2
1.088250699573485,0,11,2
1.1878160749658118,0,12,2
2.686293975598014,14,1,2
0.0,,13,3
0.0,,9,4
0.9688093993578514,9,4,4
0.0,,9,5
