time,infector,infectee,run_id
0.0,,25,1
0.15258868647174265,25,17,1
0.0,,33,2
0.0,,47,3
0.0,,37,4
0.0,,59,5
0.571632631651138,59,Q,5
