time,infector,infectee,run_id
0.0,,067032376,1
0.0,,068777857,2
0.0,,068786285,3
0.02090925724963872,068786285,068777857,3
0.0,,068786285,4
0.0,,068786285,5
1.0030255173394504,068786285,068777857,5
1.4776280364810799,068777857,062591073,5
