time,infector,infectee,run_id
0.0,,12,1
1.0730210726603815,12,14,1
1.2364007834371715,14,5,1
0.0,,11,2
0.0,,0,3
0.0,,7,4
0.5364046027077441,7,8,4
0.7822618311640817,7,6,4
1.4661710326044821,6,14,4
1.853339563673058,14,13,4
2.385344859424453,6,5,4
0.0,,12,5
