time,infector,infectee,run_id
0.0,,61,1
0.00012623020649529535,61,51,1
0.16409197723520258,51,14,1
0.0,,61,2
0.43317587385458345,61,51,2
0.0,,17,3
0.0,,70,4
0.0,,67,5
0.0779818052156275,67,NN1,5
