time,infector,infectee,run_id
0.0,,10m,1
0.27187140949368754,10m,17f,1
0.49297834524997786,17f,20f,1
0.5479338367470838,10m,6f,1
0.8522147336508081,10m,3f,1
0.0,,19m,2
0.0,,7m,3
0.0,,11m,4
0.0,,10m,5
