time,infector,infectee,run_id
0.0,,T4100,1
0.0,,T4314,2
0.08544706645850504,T4314,T3045,2
0.16355332566930095,T4314,T42,2
0.1777228790335482,T42,T5152,2
0.3139335819604877,T42,T4313,2
0.332754301504473,T5152,T5141,2
0.7335024551643842,T42,T3321,2
0.8871213099794222,T5152,T5209,2
0.995400031906338,T42,T33,2
0.0,,T4077,3
0.0,,T5062,4
0.0,,T4679,5
