time,infector,infectee,run_id
0.0,,234M,1
0.0,,215M,2
8.275385030490854,215M,243F,2
0.0,,180M,3
0.0,,?M,4
0.0,,192M,5
1.296728327083501,192M,276F,5
