time,infector,infectee,run_id
0.0,,1F,1
0.0,,2F,2
0.0,,6L,3
0.0,,11F,4
2.1378810250141016,11F,CD,4
0.0,,ZZ,5
1.7490218901246197,ZZ,6F,5
