time,infector,infectee,run_id
0.0,,5BM,1
0.0,,12AF,2
0.0,,2F,3
0.6993110079075381,2F,14M,3
0.8378361963990333,14M,12DF,3
0.8883371079011718,14M,2DF,3
0.9220847039928947,14M,17AF,3
1.1704615213758234,2DF,13M,3
1.7441359303847928,14M,12F,3
1.9134508610130874,14M,10F,3
0.0,,12DF,4
0.0,,10F,5
1.8800080805176764,10F,14M,5
1.9216689557657953,14M,2CF,5
2.0150337902195616,14M,2F,5
