time,infector,infectee,run_id
0.0,,TCN814,1
0.0,,TCN823,2
1.1157343081303566,TCN823,TCN804,2
1.9946214360594072,TCN823,TCN808,2
2.3422380458984695,TCN804,TCN819,2
3.040598176576252,TCN804,TCN816,2
4.275688184800786,TCN808,TCN815,2
5.2281953523632,TCN804,TCN820,2
6.318291809716007,TCN823,TCN824,2
9.110928276687353,TCN804,TCN812,2
9.65260176330847,TCN804,TCN826,2
0.0,,TCN807,3
0.0,,TCN821,4
0.3619659457354413,TCN821,TCN825,4
0.0,,TCN806,5
