time,infector,infectee,run_id
0.0,,V7,1
0.0,,V2,2
1.60260375823414,V2,V10,2
0.0,,V10,3
1.4613831193670157,V10,V2,3
0.0,,V8,4
0.0,,V3,5
