time,infector,infectee,run_id
0.0,,079637566,1
0.8597666489744977,079637566,096523262,1
0.0,,095571071,2
0.7838258037888981,095571071,096369300,2
0.8569931631761655,096369300,079770547,2
0.8849978511839157,079770547,079768283,2
1.0430384783305768,079768283,096366267,2
1.1465006185206603,079768283,079636775,2
0.0,,079775029,3
0.31986317753686594,079775029,096533360,3
3.5418904637147484,096533360,096534378,3
0.0,,079637566,4
0.32404951906022805,079637566,096523262,4
0.0,,079768283,5
