time,infector,infectee,run_id
0.0,,067058576,1
0.5096761587738966,067058576,066823377,1
0.663484966742057,066823377,067012554,1
0.0,,067058576,2
0.4952293101893755,067058576,067048114,2
0.0,,066840626,3
0.0,,067284090,4
0.0,,066870854,5
0.21658126723189855,066870854,066841291,5
2.2275430712095874,066841291,067027768,5
2.3090599817029664,067027768,067048114,5
2.4216646504967123,067027768,067058576,5
2.536279894711426,067048114,066823377,5
2.7038819224688386,066823377,067012554,5
