time,infector,infectee,run_id
0.0,,25,1
2.3740196023078473,25,37,1
8.704923790430097,25,19,1
11.767437772675212,19,14,1
23.77763477391337,19,70,1
0.0,,65,2
0.3612680960906328,65,35,2
0.0,,70,3
14.328250730098297,70,54,3
14.898714218265159,70,64,3
18.449176494352702,54,71,3
0.0,,14,4
0.18180662732587713,14,19,4
0.0,,72,5
3.4966575509689424,72,71,5
