time,infector,infectee,run_id
0.0,,GNF049,1
0.4877855607207161,GNF049,GNF031,1
0.0,,GNM002,2
0.0,,GNF053,3
0.3055624334911783,GNF053,GNF031,3
1.1611744444743053,GNF031,GNF016,3
0.0,,GNF053,4
0.0,,GNM039,5
