time,infector,infectee,run_id
0.0,,F17,1
1.129678623279093,F17,M5,1
1.4987091089993383,M5,F4,1
0.0,,F13,2
1.2852049378659818,F13,M12,2
0.0,,M11,3
0.0,,M12,4
0.751747936212088,M12,F13,4
0.0,,F4,5
0.6616301581177094,F4,M5,5
