time,infector,infectee,run_id
0.0,,0.078947368,1
1.39399515304803,0.078947368,littlejane,1
1.4932268014666583,0.078947368,charity,1
0.0,,0.129032258,2
0.0,,0.025641026,3
0.0,,ilse,4
0.2020853239839675,ilse,0.068965517,4
0.24689599287262404,ilse,0.266666667,4
0.0,,0.048780488,5
0.0446078422260042,0.048780488,tess,5
0.3889207591734757,0.048780488,dolly,5
