time,infector,infectee,run_id
0.0,,12,1
0.43269088380219284,12,9,1
0.0,,5,2
0.771437153590438,5,13,2
0.8189747680222268,5,0,2
0.8794962366915651,5,8,2
0.9071943598687534,5,10,2
0.9140237381247879,13,4,2
1.046744533929769,0,6,2
1.2105664244908236,5,7,2
3.585384671802087,8,17,2
3.9188346350257337,17,11,2
0.0,,3,3
0.060531277569198384,3,7,3
0.0,,0,4
0.0,,4,5
