time,infector,infectee,run_id
0.0,,TCS0066,1
0.0,,TCS0030,2
0.35106942566882554,TCS0030,TCS0004,2
0.3732458968472535,TCS0004,TCS0046,2
0.975589719260549,TCS0046,TCS0005,2
1.5372360269364833,TCS0005,TCS0002,2
2.1389503903084828,TCS0005,TFW6752,2
0.0,,TCS0074,3
0.0,,TFW7850,4
0.3407027646182957,TFW7850,TCS0033,4
1.8570540739935957,TFW7850,TCS0012,4
0.0,,TCS0065,5
