time,infector,infectee,run_id
0.0,,TCS0044,1
0.6722084418826525,TCS0044,TCS0055,1
0.0,,TCS0005,2
0.4772749356388552,TCS0005,TCS0046,2
0.5686763650006845,TCS0005,TCS0004,2
1.230160426828538,TCS0046,TCS0011,2
0.0,,TCS0014,3
0.0,,TCS0047,4
0.0,,TCS0049,5
