time,infector,infectee,run_id
0.0,,T22182,1
0.0,,TCS0005,2
0.1268664154035583,TCS0005,TCS0002,2
0.6501030775146215,TCS0002,TCS0046,2
0.0,,TCS0072,3
2.3907778608255716,TCS0072,TCS0079,3
2.810465997221714,TCS0079,TCS0078,3
0.0,,TCS0024,4
0.0,,TCS0080,5
