time,infector,infectee,run_id
0.0,,T626,1
0.04903715993870677,T626,T526,1
0.18060845470015335,T626,T617,1
0.0,,T579,2
0.0,,T617,3
0.23405618252699076,T617,T626,3
1.0745695244933013,T626,T526,3
0.0,,T576,4
0.0,,T188,5
