time,infector,infectee,run_id
0.0,,081318599,1
0.0,,092338631,2
0.010195531391467536,092338631,081324306,2
0.15391421282456832,092338631,081326043,2
2.3064804224207456,081326043,081305830,2
3.0991191118732018,081326043,092576594,2
0.0,,092336607,3
0.6490016544226272,092336607,092262531,3
0.7362906927264075,092262531,092627008,3
0.0,,092269529,4
1.3275060181975942,092269529,092580266,4
1.4273108230590652,092269529,092318826,4
0.0,,081318599,5
