time,infector,infectee,run_id
0.0,,T3103,1
0.0,,T4086,2
0.703327752652375,T4086,T4081,2
0.0,,T4494,3
3.6209342608600004,T4494,T4582A,3
0.0,,T4538,4
0.24209026794184402,T4538,T4601,4
0.2770628584861853,T4601,T2008,4
0.5421409142803206,T4601,T4610,4
1.0846880282851692,T2008,T2545,4
1.5106981909479804,T2008,T4643,4
1.591306985453035,T4643,T4415,4
1.8443873332211234,T2545,T4174,4
1.9034235032400653,T4415,T3291,4
2.070787218453302,T4643,T4303,4
5.345627420328491,T4303,T2021,4
0.0,,T4123,5
