time,infector,infectee,run_id
0.0,,17,1
0.05985911312229567,17,16,1
0.0,,26,2
0.0,,19,3
0.0,,10,4
2.0648847956945846,10,13,4
2.5586328908979326,13,15,4
2.836131228195299,10,7,4
3.284060743359511,10,6,4
3.384080210335459,10,2,4
3.5387772745504535,15,9,4
0.0,,21,5
