time,infector,infectee,run_id
0.0,,11,1
0.0,,1,2
0.3711578674339321,1,10,2
0.0,,9,3
0.0,,7,4
1.4062570328404163,7,8,4
2.0125011197522253,8,0,4
2.677990994749916,8,12,4
0.0,,2,5
