time,infector,infectee,run_id
0.0,,Sh18he,1
0.31912744142433735,Sh18he,1,1
0.0,,Togoog,2
0.0,,Brtero,3
0.0,,Chadha,4
1.4731690322652184,Chadha,1,4
1.7229854266613436,1,Lomeom,4
2.2268530064295198,1,Sheyhe,4
2.3645503069783946,1,Sineie,4
3.5042478018706427,1,Ni18ia,4
4.585750788678703,1,Hoerom,4
4.608066386586757,1,Brtero,4
0.0,,Hoerom,5
