time,infector,infectee,run_id
0.0,,066840854,1
0.0,,067057333,2
0.0,,067023588,3
0.0,,066840854,4
0.0,,067057333,5
0.7010041314886752,067057333,067854119,5
1.9141640877683415,067854119,066840854,5
