time,infector,infectee,run_id
0.0,,6,1
0.24350018942047527,6,4,1
1.5408214925335804,4,9,1
0.0,,8,2
0.22447225754716707,8,11,2
0.0,,2,3
0.0,,3,4
0.1388194613619815,3,12,4
0.249592263607608,12,11,4
0.6755199258502715,11,8,4
2.8330009990250424,8,0,4
0.0,,16,5
1.037920982272165,16,11,5
1.4704687922103388,11,0,5
1.501724538848651,11,12,5
1.567898317647399,0,14,5
1.941100478923723,12,3,5
1.9471270907081166,11,8,5
4.141181063473749,12,9,5
5.350907553630803,9,6,5
5.560245184953842,6,4,5
