time,infector,infectee,run_id
0.0,,V10,1
0.01636557298804074,V10,V8,1
0.05911446269012303,V8,V7,1
0.25345882118776936,V8,V5,1
0.31811050108570027,V10,V11,1
0.35266763184232536,V8,V3,1
0.4444498131691317,V8,V9,1
0.6529286558545606,V7,V4,1
0.0,,V1,2
0.0,,V4,3
0.0,,V2,4
0.0,,V8,5
0.4255347911576977,V8,V6,5
1.272352247191828,V8,V11,5
1.2729225863113531,V8,V7,5
1.3834903617479586,V11,V10,5
1.4590405795833197,V7,V9,5
1.672905263489359,V7,V4,5
1.6912522227282476,V8,V3,5
1.8729459661725578,V7,V5,5
