time,infector,infectee,run_id
0.0,,18,1
0.0,,8,2
0.0,,18,3
0.0,,17,4
0.2228646453626896,17,1,4
0.9315726379238196,1,15,4
5.477146912681857,15,2,4
6.568948283565301,15,7,4
7.259928573338101,7,6,4
0.0,,15,5
