time,infector,infectee,run_id
0.0,,3F,1
0.47027238884273875,3F,E,1
0.0,,J,2
0.15982374185131304,J,7F,2
0.0,,O,3
0.0,,O,4
0.0,,5F,5
