time,infector,infectee,run_id
0.0,,059101362,1
0.0,,066841559,2
1.1680643800374453,066841559,062334259,2
0.0,,059259876,3
0.20376638644516956,059259876,062334259,3
0.9342564127315334,062334259,066841559,3
0.0,,066841559,4
0.0,,066812594,5
