time,infector,infectee,run_id
0.0,,044055529,1
0.1583488354478306,044055529,047007097,1
2.083269241019908,044055529,047007544,1
0.0,,047007544,2
0.0,,047050797,3
0.339248178621023,047050797,047045094,3
1.2324663838823413,047045094,047089590,3
0.0,,047066124,4
0.4046762803520811,047066124,047089590,4
0.7406856915057249,047089590,047084847,4
1.8095176233952386,047066124,047045094,4
0.0,,047007544,5
0.20540868288299916,047007544,047007097,5
0.26984005573883657,047007097,044055529,5
