time,infector,infectee,run_id
0.0,,6,1
0.01763240721597402,6,21,1
0.8655416342155826,21,18,1
0.0,,3,2
0.0,,0,3
0.093433039850547,0,20,3
0.3473294207972833,0,17,3
0.6906403888936373,17,3,3
0.9128544766395821,17,16,3
1.6796838094353843,16,19,3
1.7325986612516695,19,13,3
2.3084343254106434,3,5,3
0.0,,1,4
0.0,,21,5
1.5392759783301486,21,18,5
