time,infector,infectee,run_id
0.0,,F19,1
4.121479296482804,F19,M8,1
0.0,,F17,2
0.0,,M11,3
0.0,,F1,4
7.972634794794101,F1,M3,4
10.65280452565018,F1,M10,4
12.57665462774776,F1,M8,4
0.0,,M10,5
