time,infector,infectee,run_id
0.0,,066831370,1
0.038063145187738394,066831370,067058801,1
0.0,,067084256,2
0.05075540992909394,067084256,067285622,2
0.0,,067034530,3
1.310504061753527,067034530,066827893,3
1.6368081526119493,066827893,066793066,3
0.0,,067034530,4
1.2514271645020203,067034530,066827893,4
1.2925017769147127,066827893,066793066,4
0.0,,066842581,5
0.09414924565664498,066842581,068777857,5
0.23813017712948684,068777857,062591073,5
1.2138556998814336,062591073,068786285,5
