time,infector,infectee,run_id
0.0,,067048097,1
0.0,,068027050,2
0.0,,067048097,3
0.0,,066870774,4
0.0,,068027050,5
0.22698519988404933,068027050,067053296,5
1.3970832201405594,068027050,066870774,5
