time,infector,infectee,run_id
0.0,,511F,1
0.0,,500F,2
0.0,,529F,3
0.0,,476M,4
0.0,,513F,5
1.034981090373538,513F,486M,5
1.6335291419980795,513F,475M,5
2.1998679654973223,475M,508F,5
2.891286600374157,475M,520F,5
