time,infector,infectee,run_id
0.0,,T4625,1
0.0,,T3213,2
0.603322872064714,T3213,T3500,2
1.859215372944926,T3500,T3718,2
2.620230612305348,T3718,T7346,2
4.583002300555685,T3213,T3204,2
0.0,,T5372,3
0.0,,T5283,4
0.0,,T3807,5
0.1836486471984716,T3807,T3802,5
