time,infector,infectee,run_id
0.0,,079782300,1
0.0,,096525010,2
0.0,,073111827,3
0.0,,079630775,4
0.617495315617374,079630775,096543337,4
1.6224613036562872,096543337,079575007,4
1.8505055791339113,079575007,079562259,4
5.5605551874962345,079630775,079609550,4
0.0,,079578523,5
