time,infector,infectee,run_id
0.0,,062101614,1
0.3361443474097451,062101614,067776838,1
0.0,,063547287,2
0.0,,066792889,3
5.357683945501261,066792889,066836512,3
12.214848781894734,066836512,067071112,3
0.0,,067008866,4
1.5487377503659552,067008866,066839107,4
2.3976679452652943,067008866,073112532,4
0.0,,067008866,5
