time,infector,infectee,run_id
0.0,,49,1
0.829801934792688,49,65,1
1.0041148367141255,65,39,1
1.14473958057483,39,13,1
1.1651905239810547,65,77,1
1.2339091668925541,39,28,1
0.0,,61,2
0.0,,37,3
0.008415239590343848,37,25,3
0.017290401227084435,25,90,3
0.10254943617176783,25,78,3
0.600933249899809,78,51,3
0.8307690764076722,37,64,3
0.0,,39,4
0.0,,76,5
0.03264907102829933,76,38,5
1.1784877052179379,76,61,5
1.2182452432363546,76,52,5
1.621927844168693,52,89,5
2.362439209016808,52,5,5
