time,infector,infectee,run_id
0.0,,062267327,1
0.0,,062379364,2
0.2324369146664989,062379364,062347528,2
0.3123447219963934,062347528,062376536,2
1.3279702282689145,062347528,062070364,2
1.4470258675777354,062070364,067278087,2
1.762371842123927,062376536,059787106,2
2.278997111175284,062379364,067101622,2
3.765836476961696,062376536,062321379,2
0.0,,062379893,3
0.0,,062321379,4
0.29506695503549396,062321379,067101622,4
1.1844692190068806,067101622,062376536,4
0.0,,061810269,5
