time,infector,infectee,run_id
0.0,,TPV122,1
0.5342045816970752,TPV122,TPV140,1
0.0,,TPV122,2
0.6729055659154917,TPV122,TPV140,2
0.0,,TPV152,3
0.0,,TPV136,4
0.0,,TFW6755,5
0.21290845081048843,TFW6755,TPV133,5
0.25781079043855154,TFW6755,TFW7447,5
0.30532548869530274,TFW6755,TFW7444,5
