time,infector,infectee,run_id
0.0,,068058612,1
0.0,,066799294,2
0.5235802498320148,066799294,067112880,2
4.677384727234306,066799294,066830854,2
9.031533995329704,066799294,068059535,2
9.31130668307772,068059535,066812594,2
9.326193071353137,068059535,067030077,2
9.766869825801534,067030077,066870056,2
10.871741545035745,067030077,066894609,2
0.0,,062332082,3
0.0,,066895855,4
0.0,,067844078,5
