time,infector,infectee,run_id
0.0,,079791111,1
0.0,,079609860,2
1.5168908336332732,079609860,079637809,2
0.0,,079630008,3
0.0,,079573044,4
0.14015825963028603,079573044,079576604,4
0.0,,079619266,5
