time,infector,infectee,run_id
0.0,,F,1
0.140633805159911,F,4F,1
0.14828204594831457,F,5F,1
0.0,,5F,2
0.1556516565737946,5F,F,2
0.47995108133951836,F,4F,2
0.0,,E,3
0.3290255170815081,E,3F,3
0.0,,4F,4
0.6631277705879068,4F,F,4
1.2482898495116403,F,5F,4
0.0,,8F,5
0.26058653399758197,8F,I,5
0.4589257739255319,8F,G,5
0.8195930877724324,G,9F,5
3.09351970414824,8F,H,5
