time,infector,infectee,run_id
0.0,,M1,1
0.469470944328537,M1,F17,1
0.868536989384525,M1,F16,1
0.0,,M3,2
0.0,,F2,3
0.0,,F13,4
0.0,,F1,5
0.29744223893479316,F1,M10,5
