time,infector,infectee,run_id
0.0,,HP,1
0.0,,TT,2
0.0,,G,3
0.0,,DB,4
0.0909454872257026,DB,STARSCAR,4
1.076427991935384,DB,R,4
1.664677395124389,R,N,4
1.7289845179767045,DB,S,4
2.6931015942445176,N,TT,4
3.1378553139416696,TT,AP,4
3.312333247572903,R,LT,4
0.0,,CHAFFRON,5
0.39131850898336734,CHAFFRON,4,5
0.5318791871523814,CHAFFRON,F,5
1.4043137636970497,F,D,5
1.5765495653733959,D,BB,5
2.7828561737295083,F,BLOWHOLE,5
