time,infector,infectee,run_id
0.0,,X53,1
0.12118758929353807,X53,X38,1
0.234679376295329,X38,X17,1
0.3535780121964264,X17,X44,1
0.7365511383570036,X17,X61,1
0.7524445448363846,X38,X27,1
1.178014845488326,X38,X10,1
0.0,,X16,2
0.4210540375918813,X16,X6,2
0.5683195098055518,X16,X61,2
1.0232941322765492,X6,X54,2
2.5335885330165038,X54,X20,2
3.240521190886087,X20,X8,2
0.0,,X64,3
0.0,,X63,4
0.0,,X7,5
0.5652948283912659,X7,X17,5
0.63001419763865,X17,X32,5
0.8322678709833621,X32,X10,5
