time,infector,infectee,run_id
0.0,,092283357,1
0.0,,096527080,2
0.0,,092601639,3
0.32667501845222746,092601639,081323527,3
0.4696330126445356,081323527,081327077,3
2.9360734603556544,092601639,081344350,3
0.0,,092611589,4
0.0,,082328628,5
