time,infector,infectee,run_id
0.0,,T733,1
0.0,,T716,2
0.0,,T706,3
0.0,,T704,4
0.0,,T608,5
0.18531052455211172,T608,T606,5
0.4576955603948264,T608,T601,5
0.629671649042622,T608,T702,5
