time,infector,infectee,run_id
0.0,,8,1
0.0,,9,2
2.077955281042694,9,13,2
2.917823364435467,9,12,2
6.386552453251651,12,8,2
7.251035125898712,8,6,2
8.444883267428786,12,7,2
0.0,,6,3
2.3357470273941527,6,10,3
0.0,,9,4
1.0765008251966948,9,13,4
0.0,,4,5
