time,infector,infectee,run_id
0.0,,2,1
0.0,,6,2
0.6763040303026149,6,7,2
0.9713378108970145,7,8,2
3.0514479411023574,8,16,2
3.196030783678262,8,11,2
0.0,,18,3
0.0,,15,4
0.0,,8,5
