time,infector,infectee,run_id
0.0,,BGS-3806,1
0.16110742548708756,BGS-3806,BGS-3721,1
0.0,,BGS-2393,2
0.0,,BGS-1510,3
0.5727597461270141,BGS-1510,BGS-1622,3
1.8550330986991947,BGS-1510,BGS-1567,3
6.484435625120099,BGS-1510,BGS-1509,3
6.691224603369476,BGS-1567,BGS-1566,3
7.779406316274804,BGS-1509,BGS-2602,3
14.965852520133422,BGS-1566,BGS-1568,3
0.0,,BGS-2047,4
2.8201603704970104,BGS-2047,BGS-2048,4
0.0,,BGS-1197,5
0.91387162838725,BGS-1197,BGS-1196,5
