time,infector,infectee,run_id
0.0,,067853529,1
0.4486900272306151,067853529,066895855,1
0.0,,066830854,2
0.0,,067049298,3
0.45872491920901814,067049298,067853529,3
1.2692201151059344,067049298,066894053,3
0.0,,066832587,4
0.0,,066870056,5
