time,infector,infectee,run_id
0.0,,T3410,1
0.0,,T34,2
0.2152113883884069,T34,T2048,2
0.4074613588998326,T34,T4313,2
0.43243815362164273,T4313,T3321,2
0.5192093534655193,T3321,T42,2
0.5489752242332024,T42,T33,2
0.70292265548612,T34,T4306,2
0.7980800204869154,T42,T4302,2
1.0209774062823236,T2048,T2050,2
0.0,,T4110,3
0.0,,T4296,4
0.0,,T2019,5
