time,infector,infectee,run_id
0.0,,047094533,1
0.0,,047026106,2
0.0,,047067070,3
0.0,,047100859,4
1.1850536295607288,047100859,047034547,4
0.0,,047067070,5
1.1587770092188459,047067070,045052785,5
