time,infector,infectee,run_id
0.0,,diana,1
0.0,,0.75,2
0.0,,donna,3
0.0,,masya,4
0.0,,0.4,5
0.23793469520636545,0.4,dolly,5
0.2577001875035488,0.4,mike,5
