time,infector,infectee,run_id
0.0,,8,1
0.9563533369085919,8,16,1
0.0,,16,2
0.03580881130648115,16,5,2
0.0,,12,3
0.3494337217814602,12,15,3
0.5870259894282411,12,11,3
0.0,,17,4
0.0,,1,5
1.6045699657779313,1,17,5
6.2313991787217375,1,2,5
