time,infector,infectee,run_id
0.0,,16m,1
0.0,,23f,2
4.368124401468939,23f,5m,2
0.0,,6f,3
0.0,,11m,4
0.34760976630258117,11m,10m,4
0.0,,5m,5
