time,infector,infectee,run_id
0.0,,068777857,1
0.036107751028125364,068777857,068786285,1
0.16103237298722392,068786285,062591073,1
0.4066715718345151,068786285,066842581,1
0.0,,067074577,2
0.5041699712890276,067074577,067032376,2
0.0,,066842581,3
0.8193612354946955,066842581,068777857,3
0.844788020866176,066842581,062591073,3
1.556708464076532,068777857,068786285,3
0.0,,067032376,4
0.0,,067285622,5
