time,infector,infectee,run_id
0.0,,096375096,1
0.0,,079596884,2
1.3764340137331963,079596884,073022544,2
2.8190674735285555,073022544,072812092,2
3.9764062859479505,073022544,072827837,2
4.046967322750804,072827837,073102538,2
0.0,,072827837,3
0.0,,072805568,4
0.45974995176355865,072805568,072627638,4
3.1347855336227104,072805568,096527542,4
0.0,,096366573,5
