time,infector,infectee,run_id
0.0,,THW0241,1
0.27232135692711285,THW0241,THW0240,1
0.0,,THW0230,2
0.0,,THW0231,3
0.10800786920556307,THW0231,THW0244,3
0.0,,THW0236,4
0.0,,THW0231,5
