time,infector,infectee,run_id
0.0,,TCS0075,1
0.40273807693588565,TCS0075,TCS0072,1
0.0,,TCS0049,2
0.0,,TCS0046,3
0.4508719510613905,TCS0046,TCS0005,3
0.46953955192194186,TCS0005,TCS0004,3
1.2915385145922011,TCS0005,TFW6752,3
1.7265035896728202,TCS0046,TCS0030,3
0.0,,TCS0032,4
0.0,,TCS0032,5
