time,infector,infectee,run_id
0.0,,096520628,1
0.4413414216630388,096520628,096355592,1
0.0,,079600099,2
0.0,,096520628,3
0.12095872033432241,096520628,096355592,3
1.7146958785457935,096520628,095595625,3
0.0,,079600620,4
2.2520400430552163,079600620,079600099,4
0.0,,095571071,5
0.5179458849528611,095571071,096369300,5
