time,infector,infectee,run_id
0.0,,5,1
0.39246234278596004,5,16,1
0.4919879771607897,5,3,1
0.7430411291179766,16,7,1
0.8297956388735492,16,18,1
1.0999871129843701,16,13,1
1.9645802681262596,7,17,1
2.1980946363441136,17,15,1
2.403231999285637,15,2,1
2.7526993369335173,2,1,1
0.0,,5,2
0.09697386596204016,5,16,2
0.0,,12,3
0.0,,18,4
0.0,,14,5
0.7182914394254061,14,12,5
