time,infector,infectee,run_id
0.0,,062639824,1
0.0,,062000830,2
0.5146834951190548,062000830,062584768,2
3.8907442205882568,062000830,062632607,2
5.13252144495443,062000830,052835526,2
0.0,,062639824,3
0.0,,062639824,4
0.0,,062312379,5
