time,infector,infectee,run_id
0.0,,243F,1
0.8082698053239692,243F,297M,1
1.5895859270924482,243F,48M,1
2.4468973647351184,48M,341F,1
0.0,,243F,2
0.0,,192M,3
0.0,,224M,4
0.22865774340858339,224M,243F,4
1.5627256624803172,243F,215M,4
0.0,,234M,5
