time,infector,infectee,run_id
0.0,,Hoerom,1
3.933382935823776,Hoerom,1,1
4.041565321671333,1,Sineie,1
4.570362534475057,1,Ad18de,1
0.0,,CJJDJD,2
11.171364677592276,CJJDJD,1,2
11.517163142098738,1,Lomeom,2
12.003327395540275,1,Togoog,2
12.349813181990514,1,Addede,2
13.032380219049603,1,Waceal,2
0.0,,Faoyat,3
0.0,,Waceal,4
0.0,,Brtero,5
