time,infector,infectee,run_id
0.0,,F4,1
0.0,,F17,2
0.4822865893506822,F17,M5,2
0.9734927899337036,M5,F4,2
1.1398701628467174,M5,F3,2
2.542422257443521,F3,M6,2
0.0,,M8,3
0.22834657149553395,M8,F10,3
1.2530891196751353,M8,F19,3
0.0,,M10,4
0.6470402747804752,M10,F1,4
1.1463025940448175,F1,M8,4
1.1723758060833118,M8,F10,4
2.0748045024970745,M8,F19,4
2.627228492327616,F1,M3,4
0.0,,F17,5
0.7564692961111883,F17,M5,5
0.8185444182081189,M5,F4,5
1.0036358429933832,M5,F3,5
1.9825326862265815,F3,M6,5
