time,infector,infectee,run_id
0.0,,19,1
0.5631294377868925,19,14,1
0.0,,14,2
0.8247074846546177,14,19,2
1.5738972796488722,19,25,2
2.5422186625841987,19,70,2
3.019323122527806,70,64,2
3.607849706920737,70,54,2
4.103950158893226,54,24,2
0.0,,33,3
0.0,,23,4
0.471708232902766,23,51,4
0.5541756875812406,23,47,4
0.0,,17,5
0.20416910002517283,17,51,5
1.0192961129749754,17,47,5
1.5472977446601184,47,23,5
