time,infector,infectee,run_id
0.0,,5,1
0.04106904953154936,5,11,1
0.0,,11,2
0.9609315981798615,11,7,2
1.1032644972485623,11,8,2
1.1128896009625184,7,2,2
1.3616367690181583,11,6,2
1.4843628846331918,8,3,2
2.160468112437225,3,0,2
2.2062942669849743,2,5,2
3.0474014868976718,7,9,2
4.902111411391024,5,12,2
0.0,,2,3
0.0,,9,4
0.0,,12,5
