time,infector,infectee,run_id
0.0,,TFW7444,1
0.5323845596015828,TFW7444,TFW6755,1
0.579864827721335,TFW7444,TPV133,1
1.0088532423718979,TFW7444,TFW7447,1
0.0,,TPV140,2
0.0,,TPV109,3
0.06273718181385311,TPV109,TPV139,3
0.0,,TPV148,4
0.0,,TPV147,5
0.004209125359570335,TPV147,TPV118,5
