time,infector,infectee,run_id
0.0,,096381841,1
0.0,,079572054,2
1.8916168923263859,079572054,095566003,2
2.4392136182322175,079572054,079789864,2
0.0,,095565056,3
0.0,,095581079,4
0.0,,096372846,5
0.1788698436529213,096372846,079574011,5
