time,infector,infectee,run_id
0.0,,TPV109,1
0.0,,TPV131,2
0.0,,T16068,3
0.0,,TPV117,4
0.015698187550337684,TPV117,TPV133,4
0.1547617603232684,TPV133,TPV136,4
0.20054907003015796,TPV136,TPV134,4
0.0,,T15875,5
