time,infector,infectee,run_id
0.0,,092336607,1
0.0,,092262531,2
0.2311957883020778,092262531,092336607,2
3.2853367946234573,092262531,092627008,2
0.0,,081318599,3
0.0,,095565363,4
0.0,,092318826,5
