time,infector,infectee,run_id
0.0,,079769800,1
0.19327898231349241,079769800,096552853,1
1.2921464910024776,096552853,073063356,1
3.0736549390838355,096552853,079602051,1
0.0,,079614550,2
0.30284895480573365,079614550,073088537,2
0.9976325320561934,073088537,079794094,2
1.0647725119364997,079614550,079795811,2
1.975420897434878,079794094,073087615,2
3.3517156424122803,073087615,095566636,2
3.4465064551453644,095566636,079769009,2
0.0,,073010576,3
0.0,,079583773,4
0.0,,073109598,5
