time,infector,infectee,run_id
0.0,,63M,1
0.0,,11M,2
1.5273541791064333,11M,86F,2
0.0,,85F,3
2.909196428522203,85F,18M,3
4.298512589631644,85F,58M,3
10.615699112881309,58M,84F,3
16.405885446348904,84F,57M,3
0.0,,95F,4
2.6735618328333435,95F,59M,4
2.8579276676193235,95F,60M,4
0.0,,74F,5
0.8558020077748663,74F,33M,5
