time,infector,infectee,run_id
0.0,,Lm1,1
0.006885951976350105,Lm1,Lf2,1
0.6985071847798234,Lf2,Lm3,1
0.7835839369326116,Lm3,Lf3,1
0.0,,Lf1,2
1.4071473720707537,Lf1,Lm1,2
1.5644121268918991,Lm1,Lf2,2
1.6633483721770461,Lf2,Lm3,2
2.002641271409994,Lf2,Lm2,2
2.378381362658441,Lm2,Lf3,2
0.0,,Bf1,3
0.2863003782381565,Bf1,Bm1,3
0.7273125544323638,Bm1,Bf2,3
1.6289621308587943,Bm1,Bf3,3
2.3281738035713695,Bf3,Bm2,3
4.154997235220716,Bf3,Bm3,3
0.0,,Lf3,4
0.5522365228060498,Lf3,Lm2,4
0.0,,Bm2,5
