time,infector,infectee,run_id
0.0,,J8M,1
0.0,,C8M,2
0.0,,J8M,3
0.05777721614804881,J8M,52F,3
0.0,,E49F,4
0.8725762853270606,E49F,H25M,4
0.0,,B13M,5
