time,infector,infectee,run_id
0.0,,1,1
0.27960206070746924,1,7,1
0.28692767890785414,1,10,1
0.0,,7,2
0.0,,15,3
0.32910190970380543,15,11,3
1.0267442322810592,11,16,3
2.272959020002031,16,7,3
2.280446762775686,16,5,3
2.659520849139619,7,18,3
2.974519998569482,18,12,3
0.0,,16,4
0.0,,10,5
