time,infector,infectee,run_id
0.0,,3,1
0.0,,2,2
0.027445835415515155,2,11,2
0.0,,5,3
0.0,,9,4
0.0,,11,5
3.2112194102781424,11,3,5
