time,infector,infectee,run_id
0.0,,F9,1
0.1256727660850409,F9,F1,1
0.7062143080718999,F1,F11,1
0.9716057606205624,F1,F5,1
0.9786712840466137,F9,F2,1
2.154324235851996,F1,F3,1
0.0,,F6,2
0.055299506632955936,F6,F4,2
0.0,,F5,3
0.0,,F5,4
0.05277290133974336,F5,F10,4
0.5875462540416106,F5,F9,4
0.7921159974027133,F5,F4,4
0.9639731373199266,F5,F11,4
2.8962837107367667,F11,F1,4
3.0089087114256516,F1,F7,4
0.0,,F2,5
