time,infector,infectee,run_id
0.0,,T431,1
0.0,,T413,2
0.0,,T128,3
0.0,,T108,4
0.0,,T202,5
0.9061447574530825,T202,T210,5
1.0276564175290508,T202,T410,5
