time,infector,infectee,run_id
0.0,,3M,1
0.2101262202603278,3M,B,1
0.0,,11M,2
2.3155084008876363,11M,F,2
0.0,,D,3
0.9594674307195205,D,3M,3
2.2514326578668746,3M,B,3
3.21141758504434,B,7M,3
0.0,,D,4
0.0,,A,5
