time,infector,infectee,run_id
0.0,,053317626,1
0.2971635944096,053317626,062259048,1
0.7559634933206392,053317626,052557336,1
0.0,,062065284,2
2.330662496756556,062065284,062873638,2
0.0,,062376086,3
3.564844664025411,062376086,059067033,3
4.164652840654755,059067033,059813355,3
0.0,,062309592,4
0.0,,052612609,5
