time,infector,infectee,run_id
0.0,,V9,1
0.0,,V8,2
0.0,,V5,3
0.0,,V9,4
0.0,,V8,5
0.41104281339268456,V8,V15,5
0.4796498417585236,V8,V4,5
1.145690075171069,V8,V13,5
2.104863665110419,V8,V11,5
2.853851780763298,V8,V9,5
3.10740543570718,V13,V3,5
3.583726239907568,V9,V14,5
3.9310776353119286,V13,V6,5
4.849804160780045,V9,V5,5
7.190594548262802,V5,V10,5
