time,infector,infectee,run_id
0.0,,061879004,1
1.3777145385312985,061879004,052772812,1
0.0,,053364366,2
0.0,,062339595,3
0.0,,052834779,4
0.05164920390157832,052834779,052545634,4
0.0,,053015336,5
0.055591586208740884,053015336,053776610,5
0.09016161204723347,053015336,053295566,5
0.13846722420382204,053015336,052571340,5
