time,infector,infectee,run_id
0.0,,092291879,1
0.0,,092319814,2
0.0,,095581516,3
0.0,,079617555,4
0.23240130403484768,079617555,092622604,4
0.0,,096553299,5
0.28805830018444234,096553299,096530876,5
3.5265213351818647,096530876,096546810,5
