time,infector,infectee,run_id
0.0,,081325789,1
3.023271394756465,081325789,081785865,1
0.0,,092524053,2
0.0,,092617569,3
0.0,,081792348,4
0.0,,081325094,5
0.6072683185020537,081325094,092317823,5
0.8943483561334351,081325094,092351361,5
1.7820358365861602,092317823,081823088,5
3.0698799985444483,092351361,092522008,5
3.912619101512279,092351361,092611326,5
5.6855497550144225,092351361,081810856,5
