time,infector,infectee,run_id
0.0,,V14,1
0.0,,V1,2
0.0,,V12,3
0.0,,V12,4
0.0,,V10,5
0.032208738844873686,V10,V1,5
0.162595106352452,V10,V4,5
0.22119081598888224,V1,V6,5
0.41877797489997126,V6,V9,5
0.45394414072375383,V10,V14,5
0.5241802738572663,V9,V5,5
0.5494417445574366,V6,V11,5
0.67264221127628,V9,V8,5
0.8664083547791167,V9,V3,5
1.2413556822530687,V14,V13,5
1.4392850994695467,V6,V2,5
