time,infector,infectee,run_id
0.0,,571E,1
0.7275032205970823,571E,307E,1
0.0,,3B07,2
0.10150394489019521,3B07,3C46,2
0.41881551169389225,3C46,6875,2
0.7028150528847497,3C46,2930,2
0.8139343198039548,2930,5316,2
1.034052028256362,3C46,757D,2
1.1875072422085473,3C46,6255,2
0.0,,2930,3
0.3248387634631193,2930,571E,3
1.4367551948967816,2930,307E,3
1.8220514525690656,2930,5316,3
2.0363994927206654,2930,6255,3
0.0,,3675,4
0.0,,5E+12,5
