time,infector,infectee,run_id
0.0,,10,1
0.0,,12,2
0.7292037752236877,12,11,2
7.781983739006753,12,3,2
0.0,,9,3
6.270936936950344,9,5,3
7.199155852937321,5,20,3
0.0,,12,4
0.0,,22,5
1.9018512727734342,22,13,5
2.170530707699997,13,19,5
4.203032535026561,13,18,5
6.102825364406082,18,1,5
7.360719451607626,13,8,5
14.664844708296492,8,11,5
16.547193305382482,8,16,5
18.202173149494357,1,10,5
