time,infector,infectee,run_id
0.0,,092086836,1
0.0,,092625013,2
0.0,,092619058,3
1.0315614830170177,092619058,079784548,3
1.4385681115921694,092619058,092306779,3
1.9463476594519937,092306779,092276330,3
3.882232436496042,092306779,096514110,3
0.0,,106110601,4
0.0,,096514110,5
1.8455478299687154,096514110,092600090,5
