time,infector,infectee,run_id
0.0,,4,1
0.11784681230050342,4,3,1
0.7569811644953334,4,15,1
1.074442817057685,3,2,1
2.646171580980092,3,13,1
0.0,,4,2
0.35255753747394397,4,0,2
0.5995044564454406,4,14,2
2.449472506189341,4,9,2
2.567271050644826,9,13,2
2.885658707647506,4,3,2
0.0,,4,3
0.5868798012532277,4,11,3
0.0,,8,4
0.5405852575543466,8,15,4
0.9812157277166018,8,11,4
1.1430649584311394,8,10,4
0.0,,8,5
