time,infector,infectee,run_id
0.0,,TFW7436,1
0.0,,TFW7436,2
0.0,,TFW7444,3
0.05566040127628622,TFW7444,TPV109,3
0.0,,TPV117,4
0.014955908086397546,TPV117,TFW6755,4
0.462042430425397,TFW6755,TFW7444,4
1.2923656026656651,TFW7444,TPV133,4
0.0,,TPV148,5
0.12249084437496743,TPV148,TPV122,5
