time,infector,infectee,run_id
0.0,,19F,1
0.19487401323263157,19F,B30M,1
0.29091415212895994,B30M,66F,1
0.0,,50F,2
0.0,,26F,3
0.04138692802064377,26F,B12M,3
0.0,,B18M,4
0.0,,10M,5
0.31084448018990635,10M,23F,5
0.6420714436335734,10M,26F,5
