time,infector,infectee,run_id
0.0,,096373847,1
1.5479534257195895,096373847,096367361,1
5.6039953216871785,096367361,096378376,1
0.0,,096515562,2
0.0,,096552103,3
0.03074336794933251,096552103,096359598,3
0.03955198501412011,096552103,096361814,3
1.1029327467679273,096359598,096536377,3
1.5681777920126696,096536377,079639364,3
2.8528884962364525,096361814,096373022,3
0.0,,079769329,4
0.0,,096360325,5
