time,infector,infectee,run_id
0.0,,11,1
0.0,,1,2
0.0,,10,3
0.2797894271583719,10,7,3
0.51026334043403,10,6,3
1.0532111661936385,6,1,3
0.0,,6,4
0.2186779110154222,6,12,4
1.3548950230983778,12,10,4
1.8977727693592041,10,7,4
0.0,,9,5
