time,infector,infectee,run_id
0.0,,18f,1
3.134697062957804,18f,2f,1
3.350629655148998,2f,1m,1
4.823753417378029,2f,21m,1
0.0,,19m,2
0.0,,11m,3
0.21046121733342457,11m,7m,3
0.0,,7m,4
0.2521627697286297,7m,11m,4
0.0,,6f,5
1.9855522751810504,6f,22f,5
