time,infector,infectee,run_id
0.0,,TCS0026,1
0.0,,TCS0049,2
0.0,,TCS0054,3
0.0,,TCS0051,4
0.43414320913301296,TCS0051,TCS0027,4
1.7528848112738993,TCS0051,TCS0023,4
0.0,,TCS0035,5
