time,infector,infectee,run_id
0.0,,14,1
0.0,,4,2
0.0,,5,3
0.0,,10,4
0.0,,13,5
0.5756417311491874,13,9,5
0.6516989035540863,9,8,5
1.0911046271324676,9,12,5
2.5291863645719124,8,3,5
2.8380059179054493,8,0,5
3.5104568048338005,9,1,5
4.115725449392564,0,2,5
