time,infector,infectee,run_id
0.0,,452F,1
0.0,,396M,2
2.4744602203742048,396M,433F,2
2.6554835329476076,433F,395M,2
0.0,,443F,3
0.0,,433F,4
0.0,,422M,5
