time,infector,infectee,run_id
0.0,,ps,1
1.0124495527783988,ps,gv,1
1.3907854479220174,gv,mp,1
0.0,,dw,2
0.0,,ps,3
1.0070732339896364,ps,ak,3
0.0,,ev,4
0.0,,kz,5
