time,infector,infectee,run_id
0.0,,095581309,1
0.8564641889828466,095581309,095591281,1
3.409131632342043,095581309,096535856,1
4.317523228990514,096535856,096541512,1
0.0,,079614126,2
0.0,,095592005,3
1.678784644138901,095592005,096377275,3
0.0,,095560530,4
0.4467625883387437,095560530,095582831,4
0.0,,095591297,5
