time,infector,infectee,run_id
0.0,,27M,1
0.49357494904222676,27M,I,1
0.0,,H,2
0.0,,I,3
0.023688106485852917,I,27M,3
0.0,,26M,4
0.0,,I,5
