time,infector,infectee,run_id
0.0,,044055529,1
0.39627782414513135,044055529,047007544,1
0.0,,047066124,2
0.0,,047084847,3
0.0,,047084847,4
0.3042081978849894,047084847,047089590,4
0.0,,047066293,5
