time,infector,infectee,run_id
0.0,,9,1
1.120338069415585,9,11,1
1.1371930611641228,11,10,1
1.3068812931996339,10,2,1
1.4573773501086285,11,12,1
1.9088478262692132,10,13,1
2.060186355578072,2,14,1
2.8543676792053736,10,1,1
2.915712015824538,1,4,1
3.4284937534975026,4,15,1
3.4691504136035416,11,0,1
0.0,,0,2
0.0,,1,3
0.0,,0,4
0.0,,11,5
