time,infector,infectee,run_id
0.0,,EC,1
0.0,,EK,2
0.0,,OM,3
0.0,,OT,4
0.0,,EU,5
0.0024862110335503364,EU,OP,5
0.24932267980905393,EU,OT,5
0.3097874994127244,OP,OM,5
0.31907322617609585,OM,EK,5
0.687133519820201,EU,OS,5
0.8297871978138206,EK,EP,5
1.0618349187917364,EK,OL,5
1.699617972151908,OL,EZ,5
2.0473411655134544,EP,OO,5
2.215318591111931,EU,OD,5
5.217635388957853,OD,OU,5
5.508670038331468,OU,OX,5
