time,infector,infectee,run_id
0.0,,9,1
2.151329891919379,9,6,1
0.0,,10,2
0.5219803266384399,10,3,2
0.5697836706830935,10,12,2
0.5750488854726903,3,5,2
0.6512412470323609,12,0,2
0.8635177636765422,0,14,2
0.8721638534081843,5,7,2
0.9005981629652918,5,11,2
0.0,,6,3
0.32167898012647583,6,9,3
0.0,,13,4
0.7587456254941058,13,2,4
2.7196785021350696,13,1,4
0.0,,2,5
