time,infector,infectee,run_id
0.0,,11,1
0.0,,13,2
0.0,,18,3
0.10701082722776978,18,13,3
0.46712016779273535,18,16,3
1.7843585733164755,16,5,3
2.2516403395047546,16,15,3
3.0167586263462978,5,0,3
0.0,,8,4
0.0,,8,5
