time,infector,infectee,run_id
0.0,,TT,1
0.0,,LT,2
0.47882588626356654,LT,R,2
2.0431202144779133,R,N,2
2.9975457635973495,N,TT,2
0.0,,STARSCAR,3
0.0,,CHAFFRON,4
0.0,,LT,5
