time,infector,infectee,run_id
0.0,,7,1
0.0,,11,2
1.197849343655089,11,5,2
1.7448667131237627,5,12,2
2.4390433302269656,5,8,2
3.015480659949467,5,13,2
0.0,,11,3
0.18210724747783452,11,8,3
0.0,,2,4
0.0,,8,5
