time,infector,infectee,run_id
0.0,,3,1
1.1067219765338425,3,15,1
1.9965667453699398,3,4,1
0.0,,13,2
0.0,,1,3
0.0,,13,4
0.0,,13,5
0.40856835701006683,13,11,5
