time,infector,infectee,run_id
0.0,,T629,1
0.0,,T732,2
0.0,,T718,3
0.0,,T612,4
0.0,,T721,5
0.3251594152584198,T721,T604,5
0.9253471490682648,T721,T709,5
1.6671721156309043,T604,T607,5
