time,infector,infectee,run_id
0.0,,4,1
1.15953946576922,4,5,1
2.1023124038950542,5,8,1
2.56646717496,8,0,1
3.7386901457697372,0,2,1
3.979417047926298,2,6,1
4.754492917223301,2,12,1
0.0,,8,2
0.0,,12,3
0.0,,5,4
0.4856165523665991,5,4,4
0.0,,6,5
5.457818325677781,6,4,5
5.633755973933502,6,9,5
6.078452095829452,9,10,5
6.079383465594546,10,3,5
6.947515405481894,6,5,5
7.25181312114328,3,1,5
7.45741633618507,9,7,5
