time,infector,infectee,run_id
0.0,,RMEE,1
0.4041854428802899,RMEE,WMEB,1
1.1880853533048374,RMEE,RMYW,1
1.585191047855003,RMYW,QMOG,1
1.7651703186285794,QMOG,RMWB,1
1.9140567290057886,RMYW,OMOV,1
2.1266179343756386,RMWB,XXGG,1
2.2953884123004706,RMWB,WMEO,1
2.5854293625819693,XXGG,UMEY,1
0.0,,RMEE,2
0.0,,YZWM,3
0.0,,OMOV,4
0.0,,WEWM,5
0.06587613540104596,WEWM,RMYR,5
