time,infector,infectee,run_id
0.0,,V7,1
0.0,,V11,2
0.07745181914202723,V11,V3,2
0.5466955299412485,V11,V7,2
0.6017014758353386,V11,V4,2
0.7161955741890068,V11,V9,2
0.8585476379771666,V9,V10,2
1.193324908616762,V4,V6,2
1.207296275835096,V7,V5,2
0.0,,V3,3
0.0,,V6,4
0.8770121268101438,V6,V8,4
1.5615485463187408,V6,V11,4
1.6169169420786405,V6,V3,4
3.825072174364329,V6,V4,4
4.303492301883631,V8,V5,4
0.0,,V10,5
