time,infector,infectee,run_id
0.0,,1,1
0.0,,9,2
0.15919885116236163,9,6,2
0.6362778179767719,6,4,2
0.0,,4,3
1.2802565003455963,4,6,3
2.3931366844829904,6,9,3
0.0,,4,4
0.0,,2,5
0.15800997359217928,2,7,5
0.45695679127096844,7,1,5
0.9260150797685059,7,13,5
3.2972962349855033,13,0,5
3.3517597062342905,0,11,5
3.4505692066740496,11,16,5
3.613403454665833,11,12,5
3.635932409283664,12,9,5
3.6730228820971713,9,4,5
4.252974984812983,0,8,5
