time,infector,infectee,run_id
0.0,,14,1
0.0,,1,2
0.0,,14,3
0.450715277282825,14,11,3
0.47090596917037525,11,5,3
0.6929229491337556,11,3,3
0.7136216975079835,14,10,3
0.97955030123975,11,12,3
1.2300228225355876,14,0,3
0.0,,2,4
0.3294385839103008,2,13,4
0.0,,3,5
