time,infector,infectee,run_id
0.0,,6A0F,1
0.0,,2317,2
0.6587259409371128,2317,5741,2
0.8426475370040436,5741,7606,2
1.143100738172455,7606,1E4A,2
1.3913772064961833,2317,6305,2
1.841479640058463,6305,154B,2
2.054669358192303,154B,3129,2
2.434015793543784,2317,4B08,2
2.4357254921013816,7606,3D45,2
3.6403598774022736,1E4A,1F3F,2
0.0,,3524,3
1.047560273393638,3524,2325,3
0.0,,6473,4
0.4102921526707297,6473,6D2C,4
0.0,,6473,5
