time,infector,infectee,run_id
0.0,,079775029,1
0.0,,096554052,2
0.0,,096517112,3
0.06302853861552718,096517112,079636006,3
0.0,,096554052,4
0.15172990672521944,096554052,079799110,4
0.0,,096541815,5
0.02186497461772259,096541815,096534590,5
0.09852897283251383,096534590,096554052,5
