time,infector,infectee,run_id
0.0,,1,1
0.02421750547326616,1,Chbeho,1
0.5567880508528111,1,CJJDJD,1
0.6434232264347581,1,Hueyux,1
0.7816558794427594,1,Frwnre,1
0.806182472644213,1,Pltola,1
0.9150480061203381,1,Mbmeba,1
1.1144821975135688,1,Amlimb,1
0.0,,Tofoof,2
0.0,,Zobaom,3
0.0,,Isrosh,4
0.0,,Caviap,5
