time,infector,infectee,run_id
0.0,,mw,1
0.051107648531010505,mw,bz,1
0.0,,mw,2
0.9446021516655365,mw,oo,2
0.0,,oh,3
0.07626756694156357,oh,by,3
0.0,,sq,4
0.0,,xt,5
