time,infector,infectee,run_id
0.0,,BGS-2437,1
0.0,,BGS-576,2
0.0,,BGS-3012,3
0.020633624139663194,BGS-3012,BGS-2871,3
2.9814599872506737,BGS-3012,BGS-3050,3
2.9969022357461226,BGS-3050,BGS-3096,3
3.5780684809478114,BGS-3050,BGS-2575,3
3.6429661521725905,BGS-2575,BGS-2782,3
3.708623183648049,BGS-2575,BGS-2756,3
0.0,,BGS-1659,4
0.0,,BGS-1979,5
0.6605362393227665,BGS-1979,BGS-2062,5
