time,infector,infectee,run_id
0.0,,437F,1
1.9130897092690493,437F,414M,1
2.54060682707026,437F,393M,1
3.009399630450966,393M,434F,1
3.4140788140342386,393M,453F,1
0.0,,389M,2
0.0,,379M,3
0.0,,379M,4
0.0,,422M,5
