time,infector,infectee,run_id
0.0,,SB,1
0.0,,GU,2
0.0,,LL,3
0.21341629340785812,LL,MS,3
0.9659604173299035,LL,CS,3
0.0,,PN,4
2.235600454778818,PN,CS,4
0.0,,S#,5
