time,infector,infectee,run_id
0.0,,1M,1
0.0,,11M,2
0.30986998500512214,11M,F,2
0.0,,B,3
2.511866861735482,B,7M,3
2.576051973158284,B,3M,3
3.363292930304428,3M,D,3
0.0,,F,4
0.0,,16M,5
