time,infector,infectee,run_id
0.0,,Q,1
0.1942179789154845,Q,73,1
0.0,,61,2
0.08025720177181787,61,25,2
0.08524138495217694,61,72,2
0.0,,61,3
0.8848076333732691,61,12,3
0.9081830190923704,61,68,3
0.909515776449728,61,25,3
1.114340073114422,61,NNL,3
1.134300897581803,61,72,3
1.5059014223230411,12,65,3
1.5495982144937952,NNL,54,3
2.306713349191237,54,24,3
0.0,,24,4
0.33122833446840155,24,51,4
0.0,,37,5
0.42710369013418503,37,36,5
