time,infector,infectee,run_id
0.0,,13,1
0.8373641628059132,13,5,1
0.0,,14,2
0.0,,14,3
0.0,,7,4
0.4244066808510797,7,9,4
0.0,,6,5
