time,infector,infectee,run_id
0.0,,055562778,1
0.08817628387393149,055562778,047083633,1
0.7470161961593125,047083633,055514338,1
0.0,,056011514,2
0.0,,056000067,3
0.0,,047048629,4
0.0,,056061350,5
0.2847142676291486,056061350,055515114,5
0.5102425580614366,056061350,047010771,5
0.6053111556709553,047010771,055559296,5
0.6946218659233703,055559296,052541327,5
1.4395780552670716,052541327,055525300,5
2.513793676447829,055525300,055808328,5
4.272667650431821,055808328,047084094,5
