time,infector,infectee,run_id
0.0,,10m,1
0.05237734599891073,10m,20f,1
0.08688959137181967,10m,16m,1
1.5178248371115006,16m,19m,1
0.0,,27f,2
0.11175998867025554,27f,5m,2
0.48979479725258457,5m,9f,2
0.0,,19m,3
2.2789026371840158,19m,16m,3
2.810311737887402,16m,20f,3
2.930247001975471,20f,10m,3
0.0,,7m,4
0.027923148688048995,7m,11m,4
0.0,,24f,5
