time,infector,infectee,run_id
0.0,,TCS0033,1
0.5873902398815547,TCS0033,TCS0012,1
0.6061266781293665,TCS0012,TCS0030,1
1.5317576960376345,TCS0012,TCS0055,1
0.0,,TCS0012,2
0.0,,TCS0064,3
0.0,,TCS0004,4
0.5442760795225551,TCS0004,TCS0005,4
0.0,,TCS0022,5
