time,infector,infectee,run_id
0.0,,5,1
0.0,,15,2
0.135095605270039,15,1,2
0.0,,5,3
0.0,,10,4
0.12740773942860098,10,4,4
0.0,,9,5
1.2358353248108052,9,14,5
1.3579421812590051,9,10,5
