time,infector,infectee,run_id
0.0,,TCS0002,1
1.1118931858460144,TCS0002,TCS0046,1
1.492058136671595,TCS0046,TCS0005,1
0.0,,TCS0005,2
0.4382810510182318,TCS0005,TCS0046,2
0.7377800733394995,TCS0005,TCS0002,2
0.0,,TFW6752,3
0.10002727026779497,TFW6752,TCS0011,3
0.17437058834695718,TCS0011,TCS0055,3
0.0,,TCS0004,4
0.9847078371948278,TCS0004,TCS0030,4
0.0,,TFW7850,5
