time,infector,infectee,run_id
0.0,,T3812,1
0.0,,T5017,2
0.0,,T2565,3
0.3372673107302937,T2565,T3153,3
0.4581810551537065,T3153,T3719,3
1.3733768114518792,T3153,T2523,3
0.0,,T5095,4
0.0,,T3807,5
