time,infector,infectee,run_id
0.0,,8,1
0.0,,8,2
0.0,,13,3
0.018017711054097107,13,10,3
0.11618741826696101,13,12,3
0.35110470553414086,10,8,3
1.7784997915528409,13,3,3
0.0,,13,4
0.0,,13,5
0.32458463976554475,13,5,5
0.346809621286328,13,12,5
0.7142931855157528,5,8,5
