time,infector,infectee,run_id
0.0,,TCS0031,1
0.0,,TCS0004,2
0.22652768523935007,TCS0004,TCS0005,2
0.4283132145248003,TCS0004,TCS0046,2
0.788603292024836,TCS0005,TCS0002,2
0.0,,TCS0052,3
0.0,,TCS0035,4
0.0,,TFW6752,5
