time,infector,infectee,run_id
0.0,,6,1
0.0,,1,2
0.0,,3,3
0.0,,3,4
0.061664005497123524,3,21,4
0.3307495968096185,21,24,4
0.0,,14,5
