time,infector,infectee,run_id
0.0,,THW0237,1
0.23217520898438118,THW0237,THW0239,1
0.0,,THW0246,2
0.0,,THW0245,3
0.0,,THW0237,4
0.6077618497506238,THW0237,THW0239,4
0.0,,THW0237,5
0.6224581315041906,THW0237,THW0239,5
