time,infector,infectee,run_id
0.0,,3,1
0.0,,7,2
0.40941785352904786,7,9,2
0.0,,10,3
2.807030272976085,10,5,3
5.0508830914145735,10,11,3
0.0,,9,4
0.0,,7,5
4.043999244911805,7,9,5
