time,infector,infectee,run_id
0.0,,TCN714,1
0.0,,TCN721,2
0.23211631500840657,TCN721,TCN701,2
0.382552008753831,TCN701,TCN706,2
0.39462835133104135,TCN721,TCN704,2
0.7620912802796225,TCN721,TCN720,2
0.0,,TCN706,3
1.394366380725066,TCN706,TCN701,3
1.777272486748989,TCN701,TCN721,3
1.7882300249290182,TCN721,TCN704,3
2.3656265748678766,TCN704,TCN720,3
0.0,,TCN717,4
0.0,,TCN706,5
0.17917730194001133,TCN706,TCN701,5
