time,infector,infectee,run_id
0.0,,4,1
4.854732677378377,4,1,1
5.9957754900746725,4,9,1
6.181847818050378,1,11,1
9.446587990790885,11,5,1
10.41008418362701,1,7,1
0.0,,10,2
0.10937444021181553,10,6,2
8.533315982396335,6,7,2
11.076468208928382,7,1,2
0.0,,7,3
0.0,,12,4
0.0,,5,5
