time,infector,infectee,run_id
0.0,,59,1
0.0,,29,2
0.6822224740149511,29,68,2
1.3053544335517582,68,16,2
0.0,,45,3
0.0,,57,4
0.647241853053886,57,4,4
0.0,,59,5
