time,infector,infectee,run_id
0.0,,Lileib,1
0.0,,Tofoof,2
0.0,,Yadeao,3
1.8897505940230828,Yadeao,1,3
1.9702110869935523,1,Mokaou,3
1.9972739968268372,1,Priare,3
2.000985661887708,1,Trnsra,3
2.027302144043264,1,Hueyux,3
2.0928049856955417,1,Brtero,3
2.259793896292028,1,Prttra,3
0.0,,Dinsic,4
5.7828647217440245,Dinsic,1,4
5.810667403013508,1,Kivuiv,4
5.992936018979204,1,Ludaua,4
6.051888214539862,1,Doleoy,4
6.174045465218024,1,Addede,4
0.0,,Ishash,5
