time,infector,infectee,run_id
0.0,,12,1
0.0,,9,2
0.048603049227517306,9,6,2
0.07673569187469141,9,10,2
0.2655861054729317,6,4,2
0.3729610665672315,4,1,2
0.5127394582645595,9,7,2
0.5277855313729023,9,5,2
0.6743868427490687,7,0,2
0.7707307011510449,1,3,2
0.9814402269986722,7,12,2
1.0285254263788108,5,8,2
1.283062238627788,0,2,2
1.5330520604557116,12,11,2
0.0,,8,3
0.0,,0,4
0.0,,10,5
0.5416210576416637,10,11,5
0.871349696387398,10,3,5
1.9021449994087267,3,1,5
2.4654773749306114,1,5,5
