time,infector,infectee,run_id
0.0,,V1,1
0.0,,V6,2
0.049936636829133976,V6,V14,2
0.1168208802908922,V6,V8,2
0.33583079692236567,V14,V13,2
0.3507257088871105,V14,V5,2
0.6157118698999478,V5,V1,2
1.587330736894804,V5,V11,2
2.4996193176597425,V5,V9,2
0.0,,V6,3
0.008169277633496815,V6,V14,3
0.45941234745387993,V6,V8,3
0.8243259953736352,V8,V15,3
1.0945390259374803,V8,V9,3
0.0,,V3,4
0.0,,V12,5
