time,infector,infectee,run_id
0.0,,51,1
1.2983185361667973,51,36,1
1.8050463072181318,51,24,1
0.0,,52,2
0.0,,70,3
0.0,,72,4
0.0,,74,5
