time,infector,infectee,run_id
0.0,,T117,1
0.0,,T260,2
0.0,,T129,3
0.8774400744162347,T129,T101,3
0.0,,T406,4
0.5813252239026063,T406,T231,4
1.8977994875781463,T231,T234,4
2.547659054016464,T234,T215,4
2.883084936507142,T234,T209,4
3.09415109872698,T215,T407,4
4.081263305089115,T234,T233,4
5.6414626453045775,T209,T418,4
0.0,,T271,5
