time,infector,infectee,run_id
0.0,,2,1
0.4660992811823108,2,13,1
0.0,,9,2
2.141826613526889,9,6,2
0.0,,13,3
0.0,,14,4
2.8721240927183764,14,10,4
3.02214420224432,14,5,4
0.0,,10,5
