time,infector,infectee,run_id
0.0,,7,1
1.064363720095481,7,5,1
1.6000783167994124,5,6,1
0.0,,17,2
0.0,,13,3
0.0,,17,4
0.0,,1,5
