time,infector,infectee,run_id
0.0,,067034003,1
0.12273004062801376,067034003,066859340,1
0.0,,053031587,2
0.0,,067125028,3
0.5937470919954204,067125028,053609768,3
2.1871791556473195,053609768,067034003,3
2.8645509316762,053609768,066859340,3
3.205349098745855,053609768,052837101,3
0.0,,067125028,4
0.0,,062331632,5
0.6721848790170093,062331632,066810338,5
