time,infector,infectee,run_id
0.0,,Sf4,1
0.2716725323037093,Sf4,Sm2,1
0.5751140402586048,Sf4,Sm1,1
0.5861866464968302,Sm1,Sf3,1
0.7357528279401059,Sm1,Sf1,1
0.0,,Sm3,2
0.0,,Mm1,3
0.3080291900243947,Mm1,Mf1,3
0.0,,Hf1,4
0.8559990274064744,Hf1,Hm1,4
0.0,,Hf2,5
0.08531190545571644,Hf2,Tm1,5
0.09550162272371521,Hf2,Hm2,5
0.25394622781509524,Hf2,Sm3,5
