time,infector,infectee,run_id
0.0,,066880519,1
0.0,,067114034,2
0.09873770373196268,067114034,062300322,2
0.17989604880585136,067114034,053127114,2
2.1777533205342885,053127114,067856085,2
0.0,,067111875,3
0.0,,067088117,4
0.0,,067054629,5
0.0374585460562035,067054629,068773122,5
0.0904885183768635,068773122,066809638,5
0.18770401464892617,067054629,067072324,5
0.748925963362614,068773122,062528125,5
