time,infector,infectee,run_id
0.0,,V6,1
2.754936309408233,V6,V5,1
4.199046012282669,V6,V14,1
4.333851847601695,V6,V8,1
0.0,,V14,2
0.0,,V6,3
0.6911165046151121,V6,V11,3
3.1260476456054276,V6,V5,3
0.0,,V6,4
0.0,,V9,5
0.2440120380347181,V9,V14,5
4.739257186378887,V9,V5,5
