time,infector,infectee,run_id
0.0,,82,1
0.0,,9,2
0.0,,21,3
1.2203622597053696,21,35,3
1.546499078431886,21,9,3
2.217255159059458,9,80,3
2.3105165074597074,35,72,3
0.0,,91,4
1.9986409608573465,91,35,4
2.7447859243886903,35,21,4
0.0,,12,5
