time,infector,infectee,run_id
0.0,,3,1
0.0,,7,2
0.0,,14,3
0.18632456243325946,14,16,3
1.0054254989734372,14,3,3
0.0,,3,4
0.6177192236835661,3,5,4
1.025826611344408,5,6,4
1.4508245331737575,3,14,4
1.9380582383746414,14,16,4
2.0436362184641057,16,0,4
0.0,,0,5
0.3723670619595268,0,14,5
