time,infector,infectee,run_id
0.0,,TPV131,1
0.15074298545149653,TPV131,TPV118,1
1.226006009724624,TPV131,TPV119,1
3.056998340988839,TPV131,TPV101,1
0.0,,TPV6,2
0.0,,TPV101,3
0.09300597470842893,TPV101,TPV118,3
0.25026587087359475,TPV118,TPV119,3
0.29719299686594264,TPV119,TPV131,3
0.0,,TPV119,4
0.18202876341488058,TPV119,TPV118,4
0.29932916693555717,TPV118,TPV101,4
0.5831148351514106,TPV118,TPV131,4
0.0,,TPV30,5
