time,infector,infectee,run_id
0.0,,047043514,1
0.0,,047025350,2
0.0,,047082294,3
0.0,,047043773,4
0.4765814174614418,047043773,047070625,4
0.6663223706592909,047043773,046874821,4
3.2187066820013364,046874821,047050609,4
0.0,,047013562,5
