time,infector,infectee,run_id
0.0,,72,1
3.8472161119826573,72,61,1
0.0,,19,2
1.296498242663774,19,65,2
0.0,,19,3
0.0,,11,4
0.0,,19,5
0.06960216180911238,19,35,5
