time,infector,infectee,run_id
0.0,,T4083,1
0.0,,T2041,2
0.0,,T4373,3
0.0,,T4643,4
0.09490089917115714,T4643,T2545,4
0.27845443236951106,T2545,T2008,4
0.29649150169386773,T2545,T4174,4
0.32186234887434695,T4174,T4303,4
0.32927593831694435,T4643,T4415,4
0.35572722740241547,T2008,T4538,4
0.4436223618594579,T4415,T3291,4
0.5442547492754921,T4538,T4610,4
0.8256865837774399,T4538,T2021,4
0.835726829854305,T2545,T4601,4
0.0,,T3075,5
