time,infector,infectee,run_id
0.0,,NAY,1
0.08590889179799686,NAY,117,1
0.0,,TAL,2
0.573074786630896,TAL,24,2
0.0,,BIA,3
0.0,,278,4
0.8934959806843724,278,40,4
0.0,,NAY,5
1.605333537299249,NAY,117,5
1.6470295543307438,117,174,5
2.2910421622469714,174,429,5
2.8532901730879727,174,134,5
3.21813493795535,134,53,5
3.3835888841286628,429,440,5
3.387100402364788,134,RAG,5
4.1414691456569015,134,DIL,5
4.577546098414997,134,866,5
