time,infector,infectee,run_id
0.0,,052563046,1
0.0,,056295098,2
0.0,,055542033,3
0.0,,047033619,4
0.16754534734065626,047033619,053344516,4
0.5670527849385366,047033619,052594114,4
0.0,,053272535,5
