time,infector,infectee,run_id
0.0,,1F,1
0.2646662553892995,1F,1M1MM,1
1.5524334313293588,1M1MM,1F4FF,1
2.0974447031093018,1F4FF,3M,1
2.23049045106149,3M,5F,1
0.0,,9M,2
0.0,,3M,3
0.0,,5F,4
0.0,,6M,5
