time,infector,infectee,run_id
0.0,,092294613,1
0.6044565220602524,092294613,092088839,1
0.0,,092110037,2
0.0,,081822355,3
0.0,,092623618,4
0.0,,079589786,5
0.21558766725905296,079589786,081319065,5
0.37034578193065737,079589786,092638297,5
0.560770263952534,092638297,082298310,5
1.09073676961594,082298310,092099895,5
1.1294381215381741,092638297,082336011,5
1.2421610196725583,082298310,081584070,5
1.7765813552972691,082298310,092029124,5
