time,infector,infectee,run_id
0.0,,F16,1
0.1948998948444454,F16,M9,1
0.0,,M5,2
0.0037577990346967863,M5,F4,2
0.9585786915671678,M5,F3,2
1.092814584601163,F3,M6,2
0.0,,F9,3
0.0,,F10,4
1.143839349113612,F10,M8,4
1.4099308898341467,M8,F1,4
1.8256613203379557,F1,M3,4
1.8665508718690478,M8,F19,4
2.2453043477720436,F1,M10,4
0.0,,F6,5
1.2809168956932617,F6,M2,5
1.4723213939889623,M2,F9,5
1.8493098079833383,M2,F12,5
