time,infector,infectee,run_id
0.0,,YMVO,1
0.39885540245822776,YMVO,YMOE,1
0.47994492400892286,YMOE,BOYM,1
0.6352865614636538,YMOE,YMWB,1
0.0,,BMWR,2
0.19255806210981605,BMWR,BMER,2
0.0,,BMWR,3
0.027974191475916954,BMWR,BMER,3
0.0,,YMOE,4
0.0,,BMER,5
