time,infector,infectee,run_id
0.0,,8,1
0.0,,12,2
0.0,,2,3
0.0,,10,4
0.9577110844370109,10,14,4
1.2323355012572221,14,17,4
0.0,,16,5
