time,infector,infectee,run_id
0.0,,096533360,1
0.0,,079600621,2
0.0,,079775029,3
0.0,,096361826,4
0.3620539117557754,096361826,096531011,4
0.42764256370431913,096531011,079629539,4
0.7421712013723052,079629539,079793556,4
0.0,,079637566,5
