time,infector,infectee,run_id
0.0,,6,1
0.5692535627835108,6,12,1
0.7515920877275475,12,13,1
0.0,,8,2
0.9487586134812905,8,11,2
0.0,,17,3
0.0,,17,4
0.0,,16,5
2.4505144119306483,16,23,5
3.217947416163069,16,17,5
3.7432225199034344,16,22,5
