time,infector,infectee,run_id
0.0,,AU,1
0.010600995464823453,AU,ZT,1
0.0,,AU,2
0.7401161595793816,AU,AE,2
0.0,,AC,3
0.0,,ZC,4
0.0,,AA,5
0.43744077096950107,AA,ZU,5
1.6193371127237908,AA,ZV,5
