time,infector,infectee,run_id
0.0,,056011288,1
0.0,,056273863,2
0.41065954868566723,056273863,053050008,2
1.7187616856951324,056273863,055814813,2
1.8346794379922498,053050008,053836043,2
0.0,,055810024,3
0.0,,056273863,4
0.10986023464020238,056273863,053050008,4
2.2859565514578257,056273863,053836043,4
0.0,,056005045,5
0.0472740159714718,056005045,055889331,5
