time,infector,infectee,run_id
0.0,,092631573,1
0.0,,082281542,2
1.1064568313461394,082281542,081326301,2
1.3438512749139522,082281542,081320598,2
0.0,,081327269,3
0.0,,081810618,4
0.42044436418775916,081810618,095594040,4
0.0,,092628063,5
