time,infector,infectee,run_id
0.0,,062331632,1
0.0,,062792073,2
0.9553846207398461,062792073,054088364,2
0.0,,053610848,3
0.0,,067042091,4
0.19095141913244568,067042091,053031587,4
1.21370393180733,053031587,052837101,4
0.0,,062787576,5
1.4244100629746164,062787576,062639824,5
