time,infector,infectee,run_id
0.0,,081324306,1
0.622545003454593,081324306,081319873,1
0.0,,092580266,2
0.2922893455927611,092580266,079616373,2
0.0,,081326043,3
0.6062931845019969,081326043,081305830,3
0.6512660170132345,081305830,095566527,3
0.9717471447257613,095566527,092588033,3
1.4499720485947853,092588033,081790288,3
2.001242979904284,081326043,092576594,3
0.0,,092576594,4
0.019250752459468643,092576594,081326043,4
0.07772467018644488,081326043,092338631,4
0.0,,092269529,5
