time,infector,infectee,run_id
0.0,,TPV109,1
2.031804662707309,TPV109,TPV134,1
0.0,,TPV147,2
1.2111838225229312,TPV147,TPV118,2
0.0,,TPV155,3
0.0,,TPV149,4
0.0,,TPV133,5
0.4286447597864275,TPV133,TFW7444,5
