time,infector,infectee,run_id
0.0,,046889041,1
0.644195341235904,046889041,047067093,1
0.9313258325783041,046889041,044040039,1
1.1047194576947887,044040039,045028276,1
0.0,,047069887,2
0.0,,047011791,3
0.6726108255469676,047011791,046894091,3
0.7887008019991861,046894091,047089590,3
2.36732303295566,046894091,047004544,3
3.546427958632939,046894091,047000605,3
0.0,,047098322,4
0.0,,047049827,5
