time,infector,infectee,run_id
0.0,,079628586,1
0.7011231577839376,079628586,096521836,1
0.7151062265394734,079628586,072796785,1
2.698526581121919,072796785,079624319,1
0.0,,096536081,2
0.0,,096369356,3
0.44542236377638217,096369356,079792628,3
0.0,,079628586,4
0.2364296641650141,079628586,072796785,4
0.855692037635883,079628586,096521836,4
0.0,,096521836,5
0.2642869187854708,096521836,079628586,5
1.256178835937475,096521836,072796785,5
1.4403674037037197,072796785,079624319,5
