time,infector,infectee,run_id
0.0,,T102,1
0.0,,T573,2
0.0,,T531,3
0.0,,T626,4
9.585966107020928,T626,T526,4
23.780584638784934,T526,T575,4
0.0,,T102,5
