time,infector,infectee,run_id
0.0,,7,1
0.5137264033622501,7,19,1
0.0,,2,2
0.0,,0,3
0.0,,22,4
0.0,,20,5
2.694866419818179,20,11,5
