time,infector,infectee,run_id
0.0,,F10,1
0.0,,M8,2
0.37351928561683984,M8,F1,2
1.385521073745801,M8,F10,2
1.5012969825019604,M8,F19,2
0.0,,F10,3
0.0,,M11,4
0.5568896193142068,M11,F6,4
0.0,,F1,5
