time,infector,infectee,run_id
0.0,,13,1
0.0,,1,2
0.0,,0,3
0.0,,7,4
0.3422983086871775,7,13,4
1.846213345841187,7,14,4
2.5556595465452983,14,0,4
3.2287630640692733,7,2,4
6.845919797066173,7,1,4
7.566674430464919,2,12,4
8.131595825996763,7,15,4
8.67661866143949,12,6,4
0.0,,14,5
