time,infector,infectee,run_id
0.0,,2,1
0.6333923110140677,2,0,1
0.657979732926649,2,11,1
0.6709547340096658,11,10,1
1.0746014406646565,10,1,1
1.2639211238470782,10,15,1
0.0,,2,2
0.07655426632381819,2,0,2
0.3102705165254232,2,11,2
0.4753026022990539,2,5,2
0.47541615052058267,11,10,2
1.3307165324143468,2,1,2
0.0,,11,3
0.0,,1,4
0.3297107990548304,1,10,4
0.0,,7,5
0.4364013874934784,7,0,5
0.7021721340198464,0,3,5
1.5032084225796725,3,9,5
3.868424204950589,3,15,5
