time,infector,infectee,run_id
0.0,,066847605,1
0.0,,062638092,2
0.13119891073028098,062638092,053031821,2
0.0,,062306860,3
0.7822325993938563,062306860,061866534,3
0.0,,062278058,4
0.4819277336950914,062278058,062589538,4
1.750970762134821,062278058,062376350,4
3.7416699468764896,062589538,062796596,4
0.0,,066847605,5
