time,infector,infectee,run_id
0.0,,10,1
1.0447875167962533,10,6,1
1.220187564070732,10,2,1
1.3207954538558941,2,5,1
1.8164890293809435,2,0,1
0.0,,1,2
0.09110368383550764,1,0,2
0.40323147628117567,0,7,2
1.1143455084715603,1,9,2
0.0,,11,3
0.0,,5,4
0.0,,10,5
0.05701517154404855,10,9,5
