time,infector,infectee,run_id
0.0,,13,1
0.0,,10,2
0.41093936633403055,10,9,2
0.0,,6,3
0.0,,6,4
0.0,,8,5
0.043856711498929134,8,3,5
