time,infector,infectee,run_id
0.0,,grr	,1
0.0,,grg	,2
0.4056730590269729,grg	,brn	,2
0.7646836817173046,brn	,rrr	,2
0.9500904614788627,grg	,gbb	,2
1.2524405382302308,rrr	,oon	,2
2.158582496199575,oon	,ggg	,2
0.0,,grb	,3
0.0,,nrb	,4
0.0,,brr	,5
0.9916885549061231,brr	,grr	,5
1.1444594337172034,brr	,rbr	,5
1.5138892663179877,grr	,ggg	,5
2.764128048124416,brr	,rnb	,5
2.813233619055022,brr	,grb	,5
