time,infector,infectee,run_id
0.0,,TPV131,1
0.19751885510747078,TPV131,TPV119,1
0.22018475621029104,TPV119,TPV118,1
0.6732505876751684,TPV118,TPV101,1
0.0,,TPV18,2
0.0,,TPV17,3
0.0,,TPV117,4
0.08616900072985911,TPV117,TPV121,4
0.5609551011480547,TPV121,TPV114,4
3.3207300532690693,TPV121,TPV109,4
0.0,,TPV111,5
0.18345479538230314,TPV111,TPV113,5
0.21240292248218312,TPV113,TPV114,5
0.5178209024452174,TPV114,TPV109,5
0.9764491679070604,TPV109,TPV121,5
1.7893288913867802,TPV114,TPV117,5
