time,infector,infectee,run_id
0.0,,8,1
0.166211291184639,8,10,1
0.33097575360490306,10,7,1
0.4647143683524836,10,11,1
2.1327416428106107,11,3,1
3.467777160463503,7,4,1
0.0,,3,2
0.0,,11,3
0.0,,5,4
3.4999276383559073,5,3,4
0.0,,9,5
