time,infector,infectee,run_id
0.0,,T3714,1
1.346115804627693,T3714,T3601,1
1.9044374079042798,T3601,T3485,1
1.9772360957040298,T3601,T4154,1
2.1524507843292433,T3601,T3339,1
2.5588238374412176,T3601,T4202,1
0.0,,T26,2
0.0,,T4313,3
0.33907442673116917,T4313,T42,3
0.8142809275499836,T42,T3347,3
1.0235059320199362,T4313,T3,3
0.0,,T5149,4
0.18868214774222064,T5149,T5073,4
0.4569551955503414,T5073,T5313,4
0.7992139415809922,T5149,T5101,4
1.315671261997676,T5149,T5141,4
0.0,,T3043,5
