time,infector,infectee,run_id
0.0,,108F,1
1.1237699785441235,108F,69M,1
0.0,,100F,2
0.9991010363361831,100F,71M,2
0.0,,122F,3
0.0,,25M,4
0.0,,44M,5
0.04987579748895889,44M,89F,5
0.24519206387225356,89F,47M,5
0.7197656505613133,89F,48M,5
3.6919635550855165,89F,62M,5
