time,infector,infectee,run_id
0.0,,126,1
0.0,,122,2
0.07022233136033648,122,102,2
0.0,,142,3
0.0,,107,4
0.0,,107,5
0.0655519983717067,107,133,5
1.1564966179181155,107,100,5
