time,infector,infectee,run_id
0.0,,1,1
0.0,,5,2
0.0,,1,3
0.0,,2,4
1.1644958560364127,2,1,4
0.0,,13,5
2.2195224060295344,13,14,5
3.2406084297102358,14,1,5
