time,infector,infectee,run_id
0.0,,18,1
0.0,,5,2
0.0,,17,3
0.8371705615689038,17,9,3
0.0,,19,4
0.44821413240466557,19,13,4
0.4616876017896613,13,12,4
0.9881173260959205,13,23,4
1.0850254610073427,13,3,4
1.20815438347167,3,21,4
1.5523968903472118,3,10,4
2.039217351372072,19,20,4
2.248886222875953,20,22,4
2.380079767673289,10,6,4
2.6456189068074734,6,1,4
2.972606338785192,6,2,4
3.693226067897098,6,7,4
0.0,,19,5
