time,infector,infectee,run_id
0.0,,ev,1
0.0,,mp,2
0.14929126576831406,mp,ps,2
0.5156277363928055,mp,gv,2
0.593659801091814,mp,iz,2
0.0,,gm,3
0.25166134934928386,gm,ev,3
1.130380783583184,ev,ip,3
0.0,,kz,4
0.0,,iz,5
