time,infector,infectee,run_id
0.0,,079787557,1
0.0,,096540632,2
0.2364257812847749,096540632,079568023,2
0.343464822538597,079568023,079802582,2
0.6265568203657675,096540632,079569319,2
1.1203984343555735,096540632,079577323,2
0.0,,079556521,3
0.0,,079601380,4
0.0,,079595266,5
0.04511135307880952,079595266,095560275,5
