time,infector,infectee,run_id
0.0,,11,1
0.0,,7,2
0.8038619975522935,7,8,2
1.4539228469943444,8,20,2
2.1824689336524066,20,18,2
2.219619343807474,18,3,2
2.522279139957325,3,0,2
2.688359999022643,8,12,2
2.8056717811313363,0,5,2
3.988952830774996,0,10,2
0.0,,19,3
0.0,,3,4
0.0,,4,5
