time,infector,infectee,run_id
0.0,,13,1
0.5165051935233941,13,6,1
1.1012336005195669,13,15,1
1.5437150152572081,6,3,1
1.9852107743017193,6,8,1
0.0,,17,2
0.0,,8,3
0.0,,11,4
0.0,,8,5
