time,infector,infectee,run_id
0.0,,096354362,1
0.29859965067763794,096354362,096541782,1
0.8022919857438274,096354362,079568558,1
0.0,,096541815,2
0.0,,067005114,3
0.0,,096358797,4
0.0,,096354362,5
0.03970895643023617,096354362,096541782,5
0.4316587959853967,096354362,079568558,5
0.774190947525649,096354362,096534590,5
1.0522218030073953,096534590,096358797,5
2.0809064581228016,096534590,079783870,5
2.3900837774884307,096358797,079775256,5
2.4248074324896924,096358797,096366573,5
