time,infector,infectee,run_id
0.0,,17,1
0.0,,0,2
0.8807280173181384,0,18,2
0.0,,11,3
0.0,,11,4
1.1853704103461147,11,18,4
4.4230158476874255,18,4,4
0.0,,16,5
2.2552292508501988,16,4,5
