time,infector,infectee,run_id
0.0,,7,1
0.20861647207613934,7,10,1
0.0,,5,2
0.48296408226343107,5,6,2
2.34803011621919,5,0,2
3.112272033836489,5,4,2
3.849615400443471,4,10,2
4.24758725455862,5,7,2
4.257630255803611,0,8,2
7.968633687991621,0,2,2
8.716960344638434,2,3,2
9.100330915006037,0,1,2
0.0,,3,3
0.0,,7,4
0.04029051713336749,7,2,4
0.0,,1,5
2.1854233196121933,1,8,5
