time,infector,infectee,run_id
0.0,,19,1
0.010905932599710056,19,46,1
0.6993182516982417,19,60,1
0.7428113345866867,19,34,1
1.47026691775182,60,7,1
2.2134103751861836,7,71,1
0.0,,31,2
0.17821686292797898,31,11,2
0.5744110321491602,31,47,2
0.695833976696074,47,22,2
1.4651150530721209,31,81,2
2.0143876027321017,31,92,2
0.0,,35,3
0.0,,69,4
0.0,,7,5
0.20220798879103508,7,60,5
1.4212257917805673,60,46,5
