time,infector,infectee,run_id
0.0,,072823268,1
0.7217484674864236,072823268,067103278,1
0.0,,072639528,2
0.0,,072789331,3
1.033350442465559,072789331,073097879,3
2.174141666611577,073097879,072622368,3
2.472864997966374,072622368,079583269,3
2.5716891727148066,072622368,072639528,3
4.581398843132279,072622368,073047778,3
6.713125900013779,073047778,067103278,3
0.0,,073022544,4
0.0,,072823268,5
3.6887902692280403,072823268,067103278,5
3.9957804538733654,067103278,073047778,5
