time,infector,infectee,run_id
0.0,,096524838,1
0.0,,081325274,2
0.5962886334267105,081325274,092635354,2
1.0007823585955855,081325274,092619058,2
0.0,,081326283,3
0.0,,081326283,4
0.0,,081323298,5
