time,infector,infectee,run_id
0.0,,6,1
0.0,,15,2
0.0,,0,3
2.5516757067686595,0,2,3
3.15249205480728,0,6,3
0.0,,10,4
0.0,,10,5
