time,infector,infectee,run_id
0.0,,nnb,1
0.0,,nbr,2
0.16736449049708566,nbr,nnr,2
1.1235597168641098,nbr,gnb,2
1.1304623309203155,nbr,nbb,2
1.2567509269597632,nbr,nrg,2
1.5562342691733932,nrg,nrr,2
1.8876775996666868,gnb,ngg,2
2.0278671269077133,gnb,ngb,2
2.0633600963497325,nbb,nbn,2
2.38511293800014,nbb,ngn,2
3.193452192811863,nrg,nrn,2
0.0,,gnn,3
0.0009999742007523306,gnn,gnr,3
0.7660853331164483,gnn,nbb,3
0.9984490261096072,nbb,ngg,3
0.0,,nbn,4
0.47419478433794005,nbn,nrn,4
0.0,,nbr,5
