time,infector,infectee,run_id
0.0,,047033028,1
0.5065698199612143,047033028,047053838,1
0.7875235894865087,047053838,047089583,1
1.2405870166302657,047033028,047043773,1
1.4575269741922392,047043773,047004808,1
0.0,,047054333,2
0.6003551218519921,047054333,043803769,2
1.5933133044352648,047054333,047000604,2
0.0,,047000604,3
0.04211014470709392,047000604,047054333,3
0.18560970614955077,047000604,047055365,3
0.0,,047086036,4
0.0,,047089583,5
