time,infector,infectee,run_id
0.0,,067285622,1
0.7483579366450647,067285622,067084256,1
0.0,,067058801,2
4.722696352673851,067058801,066831370,2
0.0,,068786285,3
0.0,,066831370,4
0.20487402479431957,066831370,067058801,4
0.0,,068777857,5
0.38588988976006294,068777857,068786285,5
0.6418176648615482,068786285,062591073,5
0.8246642730032837,068777857,066842581,5
