time,infector,infectee,run_id
0.0,,RMBZ,1
0.007510662151400846,RMBZ,VMRL,1
0.1080740727541987,VMRL,YMEZ,1
0.19845525135438805,YMEZ,RMVV,1
0.6765226377737654,VMRL,ZFRM,1
0.6778933078077901,RMBZ,RMFR,1
0.8371656696859507,VMRL,YMYE,1
0.9676216487830894,ZFRM,URVM,1
0.0,,RMFV,2
0.0,,GMWY,3
1.1112771793056797,GMWY,RMRR,3
1.883175697456997,GMWY,ZFRM,3
0.0,,VMRL,4
0.2360928800796779,VMRL,ZFRM,4
0.6943377396809846,VMRL,RMBZ,4
0.0,,RMFR,5
0.16727203892699744,RMFR,ZFRM,5
