time,infector,infectee,run_id
0.0,,F10,1
0.0,,M5,2
0.11183755756608181,M5,F17,2
0.0,,M5,3
0.260289685490974,M5,F17,3
0.0,,M2,4
0.0,,F19,5
