time,infector,infectee,run_id
0.0,,13,1
0.0,,15,2
0.0,,13,3
0.7394556902358494,13,15,3
1.0647866330093927,15,6,3
1.2291442947712479,15,5,3
1.4071960537291444,5,17,3
1.7064566411181001,13,4,3
2.8063572182992553,6,0,3
0.0,,16,4
0.0,,2,5
