time,infector,infectee,run_id
0.0,,THW0236,1
2.7433702048153377,THW0236,THW0208,1
3.324222811105933,THW0208,THW0240,1
0.0,,THW0206,2
0.0,,THW0241,3
4.570485379370636,THW0241,THW0240,3
6.748836157185178,THW0240,THW0208,3
7.191895553524112,THW0208,THW0236,3
0.0,,THW0237,4
3.301158578747834,THW0237,THW0239,4
0.0,,TFW7060,5
