time,infector,infectee,run_id
0.0,,1,1
0.3596873925627231,1,10,1
0.4438931041886438,10,15,1
0.7646660327375601,1,18,1
0.9712832161229259,10,11,1
1.2633359571914509,11,13,1
1.69224010863723,18,12,1
0.0,,13,2
0.05270638342327895,13,1,2
0.22721700326334865,1,5,2
0.2553725830999551,5,15,2
0.3494657960022616,1,10,2
0.6740580933856875,10,11,2
0.0,,12,3
0.0,,4,4
0.0,,18,5
0.017909338866167815,18,12,5
