time,infector,infectee,run_id
0.0,,072819792,1
0.0,,079583269,2
0.0,,073097879,3
0.0,,067103278,4
1.1174145168669394,067103278,079583269,4
0.0,,079583269,5
1.0977599918046221,079583269,067103278,5
2.2602196096389546,067103278,072823268,5
