time,infector,infectee,run_id
0.0,,047062122,1
0.0,,047069571,2
0.129510392095507,047069571,047099563,2
0.7898211123430383,047099563,043841826,2
0.0,,047023582,3
0.05489616804183146,047023582,047055535,3
0.2209335453037281,047023582,044037124,3
0.0,,047023370,4
0.07152147507283196,047023370,047028059,4
0.40541964134764474,047028059,047013859,4
0.0,,047056071,5
