time,infector,infectee,run_id
0.0,,053127114,1
0.0,,062118633,2
1.3254382796398896,062118633,066847042,2
0.0,,067287050,3
0.0,,067103278,4
0.09189068312051696,067103278,067031081,4
0.0,,067065883,5
0.644481753776949,067065883,067066055,5
0.6711953730716137,067066055,067050085,5
2.0393366089428815,067066055,066831381,5
2.2345940860090567,067066055,066840626,5
2.235675396310296,067066055,067125256,5
2.9776077076211047,066831381,052556363,5
