time,infector,infectee,run_id
0.0,,21,1
0.0,,11,2
0.0,,5,3
0.0,,12,4
0.2063932747675294,12,10,4
0.7320248938019009,10,7,4
0.8859283687199143,10,18,4
1.4790335088933295,10,3,4
2.2129251081513606,3,13,4
2.3915192621260104,18,19,4
2.7529093679509007,3,22,4
0.0,,17,5
0.10435214562089945,17,14,5
