time,infector,infectee,run_id
0.0,,8,1
0.0,,12,2
2.4715521837347767,12,3,2
2.815328854208102,12,8,2
2.9020799877655086,12,0,2
3.22183590300241,3,4,2
3.6165496963588586,4,15,2
6.334214915385433,12,5,2
0.0,,9,3
0.11665673145203749,9,13,3
0.0,,11,4
1.3869926986232117,11,12,4
1.436246033517021,12,8,4
2.6733212183001904,12,0,4
4.919527007378653,0,4,4
0.0,,12,5
