time,infector,infectee,run_id
0.0,,081305830,1
0.45915951532898713,081305830,081324306,1
0.0,,092338631,2
0.0,,092318826,3
0.1545936439163817,092318826,092269529,3
0.0,,095593872,4
0.2073041835706822,095593872,081327343,4
0.23723040288261196,095593872,081312893,4
0.7090159660561405,081327343,095593859,4
0.0,,081327343,5
