time,infector,infectee,run_id
0.0,,16,1
0.5819091867578259,16,9,1
0.6791521447383458,16,3,1
4.678310951668509,9,6,1
0.0,,9,2
0.0,,14,3
0.0,,3,4
0.6526432333402786,3,9,4
0.8821659418977413,3,16,4
1.083551472332491,16,0,4
1.1896051802453487,0,1,4
6.723780060107072,0,2,4
7.418418903418873,2,11,4
0.0,,9,5
