time,infector,infectee,run_id
0.0,,T308,1
0.024096089389316504,T308,T201,1
0.46696177014227586,T308,T306,1
0.0,,T389,2
0.0,,T382,3
0.0,,T220,4
0.0,,T296,5
