time,infector,infectee,run_id
0.0,,T608,1
0.0873885193686842,T608,T601,1
0.10218995115652635,T608,T702,1
1.262338248406682,T601,T606,1
3.716341482422724,T601,T732,1
0.0,,T722,2
0.6986964126376337,T722,T629,2
1.9405886470968556,T722,T611,2
0.0,,T728,3
0.0,,T733,4
0.0,,T715,5
