time,infector,infectee,run_id
0.0,,053032127,1
0.0,,053116053,2
0.0,,053835086,3
0.7026335048289931,053835086,052545060,3
0.0,,052559291,4
0.0,,052623116,5
0.14357149845768222,052623116,053797860,5
0.2562369068821303,053797860,055517517,5
