time,infector,infectee,run_id
0.0,,V7,1
0.0,,V10,2
0.6706953335909649,V10,V2,2
0.0,,V14,3
0.0,,V14,4
0.18453454534661862,V14,V13,4
1.1846758995751836,V14,V5,4
1.253824474423542,V5,V1,4
1.3941992999705772,V5,V6,4
2.5328225154305475,V5,V9,4
2.9637920037969554,V5,V11,4
0.0,,V3,5
