time,infector,infectee,run_id
0.0,,111F,1
0.0,,103F,2
0.27860289867648586,103F,6M,2
0.4361411929691884,103F,66M,2
0.0,,35M,3
0.0,,129F,4
0.338449476700441,129F,75M,4
0.9718427939104723,129F,6M,4
1.7457837558626887,6M,103F,4
2.41522062895279,129F,65M,4
3.0304031497675066,65M,144F,4
3.2031982567586152,6M,140F,4
0.0,,97F,5
