time,infector,infectee,run_id
0.0,,Lm2,1
0.0,,Lf3,2
0.34372601042567513,Lf3,Lm2,2
0.5516094116074868,Lm2,Lf2,2
0.9712544562398169,Lf3,Lm3,2
1.0964034015186703,Lf2,Lm1,2
0.0,,Bm3,3
0.0,,Bm3,4
0.09567009583452998,Bm3,Bf2,4
0.22763387591126877,Bf2,Bm1,4
0.27758551802089493,Bm1,Bf3,4
0.9286417630053612,Bf3,Bm2,4
1.7183207265682028,Bm1,Bf1,4
0.0,,Lm2,5
