time,infector,infectee,run_id
0.0,,4,1
0.36345115779957693,4,3,1
0.0,,1,2
0.3815926341947079,1,14,2
0.0,,7,3
0.0,,6,4
0.0,,5,5
1.1870157844718985,5,1,5
1.5638426145003157,5,2,5
1.8326853713854552,1,3,5
1.8362672631762194,2,4,5
4.222942981235377,2,14,5
