time,infector,infectee,run_id
0.0,,MN13,1
1.0738969109087186,MN13,FS2,1
0.0,,MS18,2
0.11917433228970747,MS18,MS16,2
0.0,,MN14,3
0.0,,FN5,4
0.38425230843091146,FN5,MN11,4
0.0,,MS16,5
2.4060437824608143,MS16,MS18,5
