time,infector,infectee,run_id
0.0,,079595283,1
0.021761428401482586,079595283,096536513,1
2.202953600721649,079595283,079778266,1
0.0,,079637809,2
0.19560770375695058,079637809,079609860,2
0.0,,079595283,3
0.0,,079566557,4
0.0,,079619266,5
0.7810139067883967,079619266,079787035,5
0.886566022916735,079619266,096374072,5
