time,infector,infectee,run_id
0.0,,REMREYE ,1
0.0,,VIMREFP ,2
0.0,,REMREYE ,3
0.0,,VIMRERE ,4
0.0,,VIMYERE ,5
0.11749313180711463,VIMYERE ,VIFPVIM ,5
1.1730601685622355,VIMYERE ,VIMFPFP ,5
1.5639586638119534,VIMFPFP ,REMYERE ,5
2.0051813093664443,VIMYERE ,DBMRERE ,5
2.178260220642125,DBMRERE ,REMRERE ,5
2.8155353170222597,REMRERE ,REMREYE ,5
3.037787484804789,VIFPVIM ,VIMREFP ,5
