time,infector,infectee,run_id
0.0,,G,1
0.4296813659715069,G,m13,1
0.0,,m15,2
0.0,,?f4,3
1.4934784003117367,?f4,?m7,3
0.0,,m2,4
0.4249495416180981,m2,A,4
0.0,,m17,5
0.24278376412193522,m17,I,5
0.2517043153557907,I,?m6,5
