time,infector,infectee,run_id
0.0,,TPV144,1
1.9491995693506403,TPV144,TPV117,1
4.039384719979212,TPV117,TFW7444,1
0.0,,TFW7454,2
0.0,,TPV143,3
0.0,,TPV151,4
0.0,,TPV114,5
