time,infector,infectee,run_id
0.0,,079562275,1
0.21484633407187667,079562275,079605568,1
0.7406338344207238,079562275,079777305,1
0.7974941732230099,079562275,079795321,1
0.0,,096383119,2
0.18231730041212768,096383119,079783324,2
0.0,,095573587,3
0.0,,096383534,4
1.5725177039862837,096383534,096357632,4
2.121397381452921,096383534,079638120,4
0.0,,079634631,5
