time,infector,infectee,run_id
0.0,,079774516,1
0.0,,079593559,2
0.0,,079568547,3
0.0,,096555851,4
0.0,,095593845,5
0.011654761667118856,095593845,095593615,5
1.5067906774076352,095593845,096531038,5
1.8877077562116056,095593845,096379298,5
2.5509640449723343,095593615,079768283,5
2.7339937723221936,096379298,079594306,5
4.1500087923099285,079768283,079586105,5
4.782752277835643,079586105,079630597,5
