time,infector,infectee,run_id
0.0,,096381354,1
0.0,,079795341,2
0.0,,079595266,3
0.6558109062972085,079595266,096377275,3
0.7818986373978438,079595266,096538863,3
1.3605960419458012,079595266,096356289,3
1.3842691144987085,096356289,096518543,3
1.3963277888077095,096538863,079631786,3
1.3974334583651757,096518543,079638522,3
3.655878164375397,079638522,079626113,3
5.296788090244244,079626113,079780028,3
0.0,,072888895,4
1.2532163745538087,072888895,096360884,4
0.0,,079631786,5
