time,infector,infectee,run_id
0.0,,062356073,1
0.42222596896626713,062356073,062097571,1
0.0,,062321276,2
3.9785634037199276,062321276,062066519,2
0.0,,062062327,3
0.06085911675903856,062062327,062071631,3
0.0,,053539523,4
0.0,,062099526,5
