time,infector,infectee,run_id
0.0,,7,1
0.28220153839427253,7,1,1
1.3846880967918693,7,2,1
3.006316870709336,7,13,1
0.0,,13,2
0.0,,6,3
0.0,,4,4
0.0,,16,5
