time,infector,infectee,run_id
0.0,,V13,1
0.0,,V8,2
0.0,,V15,3
0.2594910774747734,V15,V5,3
0.0,,V14,4
0.3965562720238057,V14,V11,4
0.5013577071131089,V11,V1,4
1.2837723129598295,V14,V3,4
2.9866187511250124,V14,V15,4
3.2799705415249827,V14,V4,4
0.0,,V5,5
