time,infector,infectee,run_id
0.0,,297M,1
0.4764210450982032,297M,243F,1
0.6254178078814308,243F,208M,1
0.6580412010208987,208M,242F,1
0.6647015928524463,243F,215M,1
0.7518329406157771,208M,42F,1
1.6783114881606185,243F,82M,1
1.8605411599050559,243F,224M,1
2.3247135341565737,243F,377M,1
0.0,,42F,2
0.0,,276F,3
0.3554179109747418,276F,192M,3
0.0,,2M,4
0.0,,234M,5
