time,infector,infectee,run_id
0.0,,095582572,1
0.0,,092616866,2
0.4956656847713807,092616866,092293382,2
1.7396959689642388,092616866,081320273,2
0.0,,081326309,3
0.0,,081321771,4
0.0,,092773374,5
0.13421467106338833,092773374,095582572,5
0.14705188159242968,095582572,081320014,5
0.15651374372464233,095582572,092591000,5
0.4073964177611852,081320014,081323093,5
0.7656671584635096,095582572,092524294,5
0.8639002887826628,081320014,081322847,5
