time,infector,infectee,run_id
0.0,,T3303,1
0.0,,T3108,2
0.0,,T4736,3
0.0,,T4080,4
0.02155554651420794,T4080,T3497,4
0.3043320038211544,T4080,T4090,4
0.0,,T3308,5
0.04387873221748482,T3308,T3058,5
