time,infector,infectee,run_id
0.0,,092595028,1
0.5507931728982534,092595028,079583312,1
0.0,,092634287,2
0.0,,079570059,3
0.0,,092601639,4
0.45330456403078584,092601639,081304596,4
0.0,,092635354,5
2.1997021987445655,092635354,092624597,5
2.2537294175794504,092635354,092595028,5
