time,infector,infectee,run_id
0.0,,0,1
0.0,,11,2
0.0,,10,3
0.0,,10,4
3.192923348711811,10,3,4
3.758298078309134,3,7,4
3.9252922116051656,10,6,4
4.2892792799389765,3,5,4
6.869379557293261,5,8,4
13.681155053702499,5,9,4
0.0,,8,5
1.5766902670647815,8,5,5
3.315388020370492,8,10,5
4.266165192257503,5,9,5
4.284357632672661,10,6,5
5.091562706188735,10,12,5
5.374783883548101,10,11,5
5.578906844259573,10,3,5
7.557653312184252,11,7,5
13.994381609157783,7,2,5
15.990840634640204,2,1,5
