time,infector,infectee,run_id
0.0,,G2M,1
0.006574198746770256,G2M,D30,1
0.0,,D39,2
0.6539378697381777,D39,G1M,2
0.0,,D10M,3
2.0173242670865403,D10M,D44,3
2.5285666537416205,D10M,D32,3
4.4525533161075135,D44,D25M,3
5.5281391483453275,D44,G2M,3
8.50567137442654,D32,208M,3
0.0,,D43,4
0.0,,3906M,5
1.0156565663558588,3906M,D38,5
