time,infector,infectee,run_id
0.0,,16F,1
0.0,,2F,2
0.2475844223042016,2F,14M,2
0.0,,2DF,3
0.0,,12AF,4
1.0267874322847805,12AF,14M,4
1.1219974202929381,14M,16F,4
1.5733121338777232,14M,6F,4
1.6744602412927199,14M,2F,4
1.9191606167254303,14M,17AF,4
2.040316403665375,14M,10F,4
0.0,,16F,5
0.29906546432191505,16F,14M,5
0.31844509576493824,14M,17AF,5
0.40669169389284465,14M,12AF,5
0.5403403300703721,14M,10F,5
0.667957982453314,14M,2DF,5
0.6922268441629138,14M,2CF,5
1.46143471749388,16F,7M,5
