time,infector,infectee,run_id
0.0,,2f,1
0.0,,20f,2
0.03007405787338927,20f,17f,2
1.2689920275596878,20f,6f,2
1.9308647413501028,6f,11m,2
2.377978224336447,11m,1m,2
0.0,,22f,3
0.0,,27f,4
0.0,,9f,5
