time,infector,infectee,run_id
0.0,,073080095,1
0.2678891908746274,073080095,072824538,1
0.7052001093039121,072824538,073006870,1
1.1387782835224047,073006870,072775050,1
2.0884303541640135,072775050,072860010,1
0.0,,072792545,2
0.0,,072860010,3
0.0,,072860010,4
0.0,,073047886,5
