time,infector,infectee,run_id
0.0,,10,1
0.39922730908158827,10,14,1
0.4568115322543653,14,1,1
0.49648316913049134,14,3,1
0.7934938722017407,3,8,1
0.0,,2,2
0.4434279428376502,2,3,2
0.46973858037133065,2,1,2
1.0438995812320562,2,4,2
0.0,,8,3
0.0,,12,4
0.2829995068656658,12,4,4
0.3189269438675986,4,3,4
0.5641253511650556,4,0,4
1.2029370533198114,12,8,4
0.0,,10,5
1.2972964156402127,10,9,5
1.5032257644786986,9,13,5
1.6742600345687664,9,14,5
