time,infector,infectee,run_id
0.0,,T731,1
0.0,,T709,2
0.4093440982319595,T709,T604,2
0.6740226485448602,T709,T606,2
0.763040608750709,T604,T720,2
2.8708454485591544,T606,T710,2
3.4091751064372757,T710,T715,2
3.4781360730426516,T715,T708,2
0.0,,T709,3
0.0,,T608,4
0.0,,T731,5
