time,infector,infectee,run_id
0.0,,AP,1
0.04690401864867337,AP,TT,1
0.41510192682193486,TT,N,1
0.6707894991681729,AP,LY,1
0.0,,F,2
0.20030731056876114,F,BLOWHOLE,2
0.6490053029851074,F,D,2
0.7910187427219282,F,CHAFFRON,2
0.8658539054985268,D,BB,2
2.310784461701945,D,7,2
0.0,,TT,3
0.8807930566390874,TT,AP,3
0.0,,G,4
0.6247884884531374,G,HP,4
0.0,,BB,5
0.24260190145177782,BB,D,5
0.31350923638778005,D,7,5
