time,infector,infectee,run_id
0.0,,9,1
0.0,,3,2
0.0,,3,3
0.6580051232155689,3,0,3
0.0,,9,4
3.2760710861961737,9,0,4
0.0,,12,5
