time,infector,infectee,run_id
0.0,,ak,1
0.7938391328487925,ak,mp,1
1.2844612852792643,mp,ev,1
1.355906489425992,mp,oz,1
1.3814239514748736,mp,ps,1
1.4178520037296942,mp,gm,1
1.7111488354646593,mp,ip,1
2.7534557287726757,gm,dw,1
0.0,,gx,2
0.0,,ev,3
0.0,,kz,4
0.3597770315558257,kz,dw,4
1.3840096975401506,kz,ps,4
0.0,,gx,5
1.0127150258036965,gx,gm,5
1.9620290446305186,gm,gv,5
3.285106591378974,gm,iz,5
3.352234055596081,iz,mp,5
4.945237822993366,gv,ak,5
