time,infector,infectee,run_id
0.0,,J5,1
0.0,,J34,2
0.0,,C3,3
1.4507818603022893,C3,J34,3
1.9104553614134996,C3,B67,3
1.9388176357026334,C3,E25,3
2.7540700493921118,C3,B35,3
0.0,,66F,4
0.0,,B35,5
