time,infector,infectee,run_id
0.0,,5M,1
0.0,,14M,2
0.9213018509017805,14M,R,2
0.0,,R,3
0.0,,37M,4
1.1647104101605323,37M,M,4
0.0,,S,5
