time,infector,infectee,run_id
0.0,,8,1
0.8337367916243705,8,13,1
2.1845406954175752,8,2,1
0.0,,18,2
0.0,,17,3
1.2638412123165943,17,3,3
2.498733760600431,3,14,3
0.0,,23,4
0.0,,13,5
