time,infector,infectee,run_id
0.0,,Q,1
0.9075184042753394,Q,40M,1
1.1806709546510552,40M,N,1
1.1840247790064204,N,5M,1
0.0,,M,2
0.0,,40M,3
2.5117599113924407,40M,Q,3
2.981458322547685,40M,N,3
0.0,,T,4
1.927949354642832,T,37M,4
0.0,,37M,5
0.12048678141245471,37M,O,5
0.5200471611187437,O,28M,5
1.353190723279611,37M,T,5
2.7935026937341894,37M,M,5
