time,infector,infectee,run_id
0.0,,11,1
0.0,,7,2
1.7274622715631471,7,13,2
0.0,,0,3
0.0,,7,4
0.5218684522958256,7,13,4
1.1736077365707926,7,0,4
2.4249180628576203,13,14,4
4.381470509195732,13,15,4
4.610385881396349,7,2,4
4.845128003949674,7,1,4
0.0,,7,5
0.277302522686348,7,13,5
0.4810011078077112,7,14,5
1.0368402856940004,14,15,5
