time,infector,infectee,run_id
0.0,,1,1
0.0,,8,2
0.0,,6,3
0.0,,4,4
0.09294895687618542,4,7,4
0.6520527159290374,7,6,4
0.7055836300183066,4,15,4
2.985758561447968,6,14,4
0.0,,7,5
