time,infector,infectee,run_id
0.0,,043895861,1
0.8135332773796827,043895861,046882854,1
0.0,,047092001,2
1.6056789317179347,047092001,047053838,2
0.0,,047028842,3
0.0,,044892805,4
0.0,,047089096,5
