time,infector,infectee,run_id
0.0,,H40,1
0.0,,J8,2
0.48546899135767047,J8,J34,2
0.6250468634354973,J8,E25,2
0.7344288350766122,J8,B35,2
0.7757967425691088,E25,D20,2
0.8590178517720448,J8,B59,2
1.2070440042305841,B59,J7,2
1.6396299452954546,B59,H40,2
1.7737833524062248,E25,D3,2
0.0,,E48,3
0.0,,J8,4
0.0,,J8,5
