time,infector,infectee,run_id
0.0,,V11,1
0.0,,V1,2
0.0,,V12,3
0.4781035857929911,V12,V1,3
0.5696210149849942,V1,V9,3
0.9503800523004873,V9,V15,3
1.175090548708472,V12,V2,3
1.3357685364409866,V1,V11,3
0.0,,V9,4
0.20382690873130593,V9,V6,4
0.24739389417667246,V9,V10,4
0.5974959951887678,V9,V15,4
0.7558084581374833,V15,V11,4
0.0,,V5,5
