time,infector,infectee,run_id
0.0,,186,1
2.9140752663709892,186,RIN,1
0.0,,471,2
0.0,,40,3
0.0,,KAV,4
0.0,,BIA,5
0.2954829194480426,BIA,41,5
