time,infector,infectee,run_id
0.0,,40012,1
0.0,,40070,2
0.5742860917563951,40070,caroline,2
2.327560416503956,40070,latte,2
4.055896677996912,caroline,40012,2
0.0,,4997,3
0.0,,9291,4
0.0,,enigma24,5
