time,infector,infectee,run_id
0.0,,067257871,1
0.30650286183264785,067257871,062376035,1
0.389326758073979,062376035,062345844,1
0.0,,062309812,2
0.0,,062069600,3
0.0,,067047816,4
0.0,,062309812,5
