time,infector,infectee,run_id
0.0,,5,1
0.0,,8,2
0.26903401587287135,8,10,2
1.3279454616162707,10,3,2
0.0,,9,3
0.0,,5,4
0.0,,11,5
