time,infector,infectee,run_id
0.0,,9f,1
0.0,,18f,2
0.600440685754607,18f,25m,2
0.0,,27f,3
0.0,,27f,4
0.0,,24f,5
8.463878521228356,24f,1m,5
10.450953670891636,1m,2f,5
