time,infector,infectee,run_id
0.0,,067036335,1
0.17345145176468157,067036335,073017576,1
0.0,,072628329,2
0.0,,073073256,3
0.7269101758628349,073073256,072628329,3
0.0,,073006030,4
0.0,,096527542,5
