time,infector,infectee,run_id
0.0,,16,1
0.0,,8,2
0.0,,0,3
0.05082910556881296,0,5,3
1.2678557134428163,5,14,3
0.0,,2,4
0.44148286798559067,2,15,4
0.8603862288567903,2,19,4
1.1477245286001907,2,6,4
0.0,,15,5
