time,infector,infectee,run_id
0.0,,Tm2,1
2.5403420677471127,Tm2,Mf2,1
3.2156818905405427,Mf2,Mm2,1
0.0,,Sm3,2
0.0,,Sm3,3
0.0,,Sm1,4
0.6033296385228419,Sm1,Sf4,4
1.1682065456434663,Sm1,Sf1,4
3.9388170426651623,Sm1,Sf3,4
4.829359491191458,Sf3,Sm2,4
6.566918714131745,Sm2,Sf2,4
0.0,,Hf2,5
0.20007799550448693,Hf2,Hm2,5
1.6283542596611258,Hf2,Sm3,5
3.9955432621579625,Hf2,Tm1,5
