time,infector,infectee,run_id
0.0,,16,1
0.0,,4,2
0.0,,2,3
0.0,,4,4
0.0,,3,5
0.570070891141339,3,12,5
1.4262713849093016,12,16,5
