time,infector,infectee,run_id
0.0,,TCS0030,1
0.0,,TCS0046,2
0.18928530685485026,TCS0046,TCS0004,2
0.8708171154673615,TCS0004,TCS0005,2
0.0,,TCS0026,3
0.0,,TFW6752,4
0.0,,TCS0002,5
