time,infector,infectee,run_id
0.0,,067258117,1
0.4222038148898131,067258117,067057333,1
0.0,,068027050,2
0.7564335896889589,068027050,066870774,2
0.0,,068027050,3
1.8176373766124758,068027050,066870774,3
2.5469589941906405,066870774,067053296,3
0.0,,068027050,4
0.006543129781134205,068027050,066870774,4
0.0724031284469382,066870774,067053296,4
0.0,,066869356,5
8.387962332596594,066869356,068066870,5
9.629813280580008,068066870,067048097,5
