time,infector,infectee,run_id
0.0,,081326043,1
2.5236083014706376,081326043,081305830,1
9.169949495865058,081305830,081324306,1
9.29409750906949,081326043,092576594,1
16.243644533849828,081324306,092338631,1
0.0,,092580266,2
0.8990075280253834,092580266,079616373,2
0.0,,081318599,3
6.066513973467151,081318599,081577637,3
0.0,,092580266,4
2.1997743353568606,092580266,079616373,4
5.400229898031325,092580266,092269529,4
0.0,,095593872,5
3.6124985262535554,095593872,081312893,5
