time,infector,infectee,run_id
0.0,,12,1
0.0,,2,2
1.9872943790658408,2,17,2
4.405044188616868,17,5,2
5.41726411796635,17,7,2
5.5435696734116275,7,16,2
5.56357705413093,7,6,2
6.204993231645316,5,3,2
7.65483717188229,16,18,2
8.163769057411166,16,11,2
8.165537354842698,16,13,2
8.958143915878011,17,1,2
12.70677383328305,17,15,2
0.0,,14,3
0.0,,16,4
0.0,,14,5
0.05745835609039678,14,12,5
