time,infector,infectee,run_id
0.0,,081319873,1
0.0,,082298010,2
0.0,,092341593,3
1.2481889174949659,092341593,092631797,3
2.0945317312152327,092341593,092349535,3
4.022548564262865,092341593,081327343,3
0.0,,081811045,4
3.4424789198148975,081811045,095594327,4
0.0,,092084777,5
