time,infector,infectee,run_id
0.0,,169M,1
0.0,,145M,2
0.0,,199F,3
1.9494199414526108,199F,170M,3
2.062644711737038,199F,167M,3
0.0,,173M,4
0.0,,197F,5
