time,infector,infectee,run_id
0.0,,0,1
0.0,,24,2
0.009326313423261467,24,20,2
0.23937713807303873,20,0,2
0.7944777162687008,20,5,2
0.9706177587980251,5,9,2
1.2723120153522178,5,2,2
0.0,,16,3
0.02554810547477634,16,8,3
0.0,,9,4
0.0,,17,5
2.3007546069936615,17,4,5
