time,infector,infectee,run_id
0.0,,48,1
0.9208210401707829,48,26,1
2.3793559958663453,48,63,1
3.398633706012159,48,16,1
3.952403010708491,16,38,1
4.183894494288148,16,53,1
5.269154371819235,53,65,1
0.0,,55,2
0.0,,27,3
0.8171312604298108,27,3,3
0.0,,2,4
0.2544422712592008,2,65,4
0.0,,74,5
