time,infector,infectee,run_id
0.0,,TCS0030,1
0.0,,TCS0032,2
0.0,,TFW6752,3
0.0,,TCS0046,4
1.4936617392212128,TCS0046,TCS0002,4
1.7302605486327876,TCS0046,TCS0005,4
0.0,,TCS0011,5
