time,infector,infectee,run_id
0.0,,053064532,1
0.0,,053313781,2
0.512591808360369,053313781,053846559,2
1.3201619485408242,053846559,062271521,2
1.7079365280095011,053846559,061813546,2
0.0,,053087853,3
0.0,,062367126,4
0.0,,062089792,5
