time,infector,infectee,run_id
0.0,,TFW7444,1
0.25095787856963253,TFW7444,TPV109,1
0.2856482691909609,TFW7444,TFW6755,1
1.0523594829893421,TPV109,TPV114,1
2.4639449805797815,TFW7444,TPV117,1
0.0,,TPV140,2
0.0,,TPV141,3
0.0,,TFW7444,4
1.204842579030038,TFW7444,TFW6755,4
0.0,,TFW6755,5
0.15396099848749017,TFW6755,TPV114,5
0.22605871017698848,TFW6755,TFW7444,5
0.8981523097096822,TFW6755,TPV117,5
1.4239509979970624,TPV117,TPV133,5
2.518313254999167,TPV133,TPV144,5
