time,infector,infectee,run_id
0.0,,ISO,1
1.051630623509796,ISO,MSI,1
1.4205379684699841,ISO,MER,1
1.5367633922013617,MER,GIN,1
1.7555825012197688,MER,BAG,1
1.881437175333126,MER,MAY,1
0.0,,GIN,2
0.0,,GIN,3
2.0333423417482472,GIN,MER,3
3.459458182472887,MER,BAG,3
3.658347610626724,MER,ISO,3
4.021130634517472,BAG,SIR,3
4.629788132816039,MER,MAY,3
0.0,,MSI,4
0.0,,SIR,5
