time,infector,infectee,run_id
0.0,,092638297,1
0.019550718326576757,092638297,092029124,1
0.0,,082298310,2
0.0,,092623618,3
0.8868274105950897,092623618,092291531,3
1.6667365790611424,092291531,081823348,3
0.0,,081324621,4
0.5929237999366099,081324621,081320598,4
1.0573495910844257,081320598,092029124,4
0.0,,079589786,5
1.1077367390974688,079589786,081823348,5
1.4858642421071218,081823348,092291531,5
1.6863204899382478,079589786,092638297,5
4.0191501195854435,092291531,092623618,5
