time,infector,infectee,run_id
0.0,,046842815,1
0.0,,044023848,2
0.0,,047086773,3
1.4873535011907448,047086773,047073094,3
0.0,,047035542,4
0.0,,044885126,5
1.1019824629887678,044885126,047015528,5
