time,infector,infectee,run_id
0.0,,22,1
0.4449098310012377,22,20,1
0.0,,1,2
0.5619313947062168,1,4,2
0.7182336509537648,4,10,2
1.3351505165625381,4,2,2
1.6042167932392148,2,13,2
1.900114624417676,4,21,2
2.39724476412721,2,19,2
2.4287097935043285,19,11,2
2.8070981367664443,11,8,2
4.056174358111452,8,12,2
0.0,,5,3
0.0,,25,4
0.48206100185489414,25,9,4
0.8562265015200731,25,6,4
0.8616890698917474,6,13,4
1.1769775562364129,25,20,4
0.0,,0,5
