time,infector,infectee,run_id
0.0,,TPV145,1
0.0,,TPV139,2
0.0,,TPV141,3
1.8195426343955587,TPV141,TPV114,3
0.0,,T15000,4
0.0,,TPV141,5
1.5994434110045255,TPV141,TPV114,5
