time,infector,infectee,run_id
0.0,,16,1
0.0,,1,2
0.3847853274852066,1,15,2
0.0,,1,3
1.8918495402272713,1,19,3
3.4334887453532357,19,2,3
3.7347792883289364,2,15,3
4.44025706531886,2,6,3
5.457641843546318,6,9,3
0.0,,16,4
0.0,,8,5
