time,infector,infectee,run_id
0.0,,T709,1
0.0,,T703,2
0.0,,T604,3
0.1504156209240123,T604,T709,3
1.237702732382917,T604,T721,3
0.0,,T711,4
0.0,,T604,5
