time,infector,infectee,run_id
0.0,,0,1
2.009608534346052,0,7,1
3.002349993476911,0,6,1
0.0,,4,2
0.0,,12,3
0.0,,4,4
0.0,,8,5
0.7018322374077494,8,1,5
