time,infector,infectee,run_id
0.0,,067023588,1
1.0097397518332376,067023588,062781011,1
0.0,,067057333,2
0.0,,062781011,3
0.4572416817548666,062781011,067023588,3
0.0,,066851623,4
0.0,,067258117,5
