time,infector,infectee,run_id
0.0,,079567561,1
0.5453749083144638,079567561,079594378,1
0.0,,095595784,2
0.01715207579946305,095595784,079559536,2
0.04819242183074009,079559536,079609860,2
0.0,,095566590,3
0.0,,079633813,4
0.0,,096533029,5
