time,infector,infectee,run_id
0.0,,TCS0022,1
0.0,,TCS0033,2
1.4122796243473859,TCS0033,TCS0060,2
2.1542365898094733,TCS0060,TCS0064,2
4.781324964731008,TCS0033,TFW7850,2
0.0,,TCS0064,3
0.620423050981455,TCS0064,TCS0060,3
2.512194910981486,TCS0060,TCS0033,3
3.4059668258791476,TCS0033,TFW7850,3
0.0,,TCS0054,4
0.0,,TCS0026,5
