time,infector,infectee,run_id
0.0,,1,1
0.0,,11,2
1.8722022762761104,11,2,2
1.9136793915579098,2,1,2
3.1538426892953177,11,10,2
0.0,,10,3
0.00544628088966485,10,0,3
0.6732744357511441,0,6,3
1.7835877980486363,0,3,3
3.2952469300026426,0,2,3
3.4685052645131864,10,15,3
0.0,,16,4
0.0,,7,5
