time,infector,infectee,run_id
0.0,,T132,1
0.0,,T228,2
0.5317514085980367,T228,T230,2
0.0,,T305,3
0.0,,T231,4
0.0,,T214,5
0.042649166178761716,T214,T124,5
0.20486859809774233,T214,T204,5
0.30966716002245753,T214,T202,5
0.4195533789224576,T214,T410,5
0.5172481708739649,T202,T221,5
0.6144975537530742,T202,T201,5
0.7210264405238552,T201,T210,5
0.8059428876923165,T410,T433,5
