time,infector,infectee,run_id
0.0,,047023370,1
0.0,,047023873,2
0.0,,047064634,3
0.0,,047083881,4
0.23010857859241945,047083881,047014796,4
0.0,,047071078,5
0.7219783647111101,047071078,047069571,5
1.6913503949424653,047069571,047042637,5
1.9077652546253547,047069571,047087775,5
