time,infector,infectee,run_id
0.0,,THW0208,1
0.03276486878083425,THW0208,THW0242,1
0.7533511016371489,THW0208,THW0236,1
0.0,,THW0208,2
0.6331323092798361,THW0208,THW0236,2
0.8445769841286302,THW0208,THW0242,2
0.0,,THW0240,3
0.0,,THW0237,4
0.0,,THW0242,5
