time,infector,infectee,run_id
0.0,,33,1
0.5534153150922866,33,34,1
0.0,,11,2
0.4344263590527381,11,72,2
0.0,,Q,3
1.3744998913482624,Q,24,3
0.0,,72,4
0.7675121447986752,72,11,4
0.0,,54,5
