time,infector,infectee,run_id
0.0,,067066512,1
0.0,,067596056,2
0.13512593671157155,067596056,068025523,2
0.17233258168676827,068025523,068051343,2
1.061256088758822,067596056,067856079,2
0.0,,066808294,3
0.3177188049564304,066808294,067085808,3
0.0,,067110122,4
0.0,,067275036,5
