time,infector,infectee,run_id
0.0,,V9,1
0.0,,V11,2
0.0,,V9,3
0.09371027401570486,V9,V8,3
0.6093948940455204,V9,V5,3
0.8431978818758055,V5,V3,3
1.2007299249602768,V9,V13,3
2.230027490458799,V13,V2,3
2.361769481955505,V9,V11,3
4.312849813044005,V11,V7,3
0.0,,V2,4
0.04353344767429582,V2,V13,4
0.0,,V6,5
1.270184217232999,V6,V1,5
1.690161335311465,V1,V3,5
