time,infector,infectee,run_id
0.0,,75,1
0.6730092207361709,75,4,1
0.0,,59,2
0.0,,13,3
0.8426600290231242,13,38,3
0.0,,57,4
0.0,,13,5
0.6013271434779218,13,59,5
1.2641414598521703,13,3,5
