time,infector,infectee,run_id
0.0,,ORMORWH ,1
0.0,,ORMRELG ,2
0.0,,ORMREUR ,3
0.0,,ORMEGBK ,4
0.19667604231517638,ORMEGBK ,ORMBKUR ,4
0.6115742756308278,ORMBKUR ,ORMUR,4
0.6487402042804162,ORMBKUR ,ORMVIVI ,4
0.0,,YEMREOR ,5
1.1415716899000035,YEMREOR ,ORMDBWH ,5
1.5485877199690692,YEMREOR ,ORMLGBK ,5
2.0890418833067255,ORMDBWH ,EGVIWHM ,5
2.873245314202209,EGVIWHM ,ORMRELG ,5
3.4645611556300433,YEMREOR ,ORMREUR ,5
