time,infector,infectee,run_id
0.0,,12AF,1
0.47208318399571153,12AF,14M,1
0.0,,16F,2
0.0,,5F,3
0.0,,12DF,4
0.5720571933312639,12DF,14M,4
0.6694142824891995,14M,12AF,4
1.2794323347763847,14M,2CF,4
2.002839650500652,14M,16F,4
2.234296176592595,16F,7M,4
4.505878569813835,14M,5F,4
4.9878128996296445,14M,6F,4
6.4246359370274675,14M,2DF,4
0.0,,14M,5
0.1385815742643852,14M,12AF,5
0.38538013447527036,14M,12CF,5
0.42654499017314773,14M,16F,5
2.515027978912908,14M,2DF,5
