time,infector,infectee,run_id
0.0,,20,1
0.0,,10,2
0.08284686767954703,10,8,2
0.2584551505062464,10,11,2
0.6945952717018339,10,17,2
1.8278882842467425,17,12,2
2.0350173142200183,12,14,2
3.499908930538686,14,13,2
0.0,,7,3
0.0,,3,4
0.0,,17,5
