time,infector,infectee,run_id
0.0,,S#,1
0.0,,MS,2
0.7907703358598245,MS,NW,2
0.0,,CS,3
0.0,,KB,4
0.6529427696385748,KB,LL,4
1.5164195303707815,KB,BF,4
0.0,,PN,5
