time,infector,infectee,run_id
0.0,,5,1
0.0,,4,2
0.0,,11,3
0.0,,11,4
0.0,,20,5
0.612155041565784,20,0,5
1.5822934935965685,20,17,5
