time,infector,infectee,run_id
0.0,,066808294,1
0.07649732322850415,066808294,067085808,1
0.0,,063357366,2
0.8732195227161238,063357366,066832052,2
0.0,,066874009,3
0.0,,067856079,4
0.3528350167145711,067856079,067773046,4
0.8628214139431358,067773046,067596056,4
0.0,,063268287,5
0.8494710238876223,063268287,067067040,5
