time,infector,infectee,run_id
0.0,,062316014,1
0.00902552200139607,062316014,066846370,1
0.2974015684385599,066846370,062368072,1
0.5582777251387789,066846370,062297043,1
0.68671881935576,062368072,062513625,1
0.0,,061811059,2
0.7460683580680546,061811059,053370622,2
0.0,,062335523,3
0.027233406965095807,062335523,062592613,3
0.0,,052862023,4
0.0,,062769809,5
