time,infector,infectee,run_id
0.0,,082343061,1
0.030234359643333035,082343061,092282539,1
0.048374296648741946,082343061,095565356,1
0.22796024959864739,092282539,096369356,1
0.0,,082343061,2
0.0,,082343061,3
0.0,,095596055,4
0.0,,092322540,5
0.0166338635676568,092322540,095566074,5
0.15865006364110512,095566074,082305835,5
0.17483045088267193,082305835,096540632,5
0.3760815468846146,096540632,092313362,5
