time,infector,infectee,run_id
0.0,,8f,1
0.0,,25m,2
0.0,,16m,3
0.0,,6f,4
0.31813878239750826,6f,11m,4
0.4637879969806512,6f,20f,4
0.6140756801832539,6f,5m,4
0.6236906599185524,11m,25m,4
0.7540209251676145,6f,10m,4
1.3076531533477618,10m,12m,4
1.3804235216257772,6f,17f,4
0.0,,12m,5
0.4408210538425808,12m,10m,5
0.9764250065397342,10m,6f,5
1.0556680197732047,6f,17f,5
