time,infector,infectee,run_id
0.0,,046880799,1
0.0,,046880799,2
0.2347971540117249,046880799,047062120,2
0.0,,046893032,3
1.1136277809725805,046893032,047085024,3
0.0,,047014031,4
2.019800512961381,047014031,047043881,4
2.7678241196708986,047014031,047041577,4
0.0,,046872307,5
