time,infector,infectee,run_id
0.0,,079788842,1
2.2194223905934245,079788842,079569373,1
4.330270231401407,079569373,079598286,1
0.0,,079600809,2
4.323645308520973,079600809,096555277,2
0.0,,079583075,3
5.335532719180813,079583075,079616027,3
0.0,,079594378,4
0.5046808731805857,079594378,079625113,4
2.1597117832065686,079594378,079567561,4
2.4587290427837676,079594378,079570363,4
0.0,,079598286,5
3.434806148212806,079598286,079569373,5
14.521817227098815,079598286,079788842,5
