time,infector,infectee,run_id
0.0,,095582572,1
1.076365450687939,095582572,082359638,1
0.0,,092787028,2
0.0,,092621824,3
1.2846671382937391,092621824,092550628,3
0.0,,095572877,4
0.5914749434274774,095572877,092296382,4
0.0,,092343085,5
