time,infector,infectee,run_id
0.0,,E,1
1.0875298739020143,E,16M,1
0.0,,C,2
2.391848234822304,C,8M,2
0.0,,3M,3
0.1405281168557307,3M,D,3
0.6776562886889559,3M,B,3
0.0,,F,4
0.8500706166530427,F,11M,4
0.0,,16M,5
2.353779848119564,16M,E,5
