time,infector,infectee,run_id
0.0,,D13M,1
0.23074123302391183,D13M,D43,1
0.5224171098458652,D13M,D48,1
0.9534486266525859,D48,G9M,1
2.2791084504823305,G9M,C16,1
2.6194008920305065,G9M,D35,1
2.864735622572134,D48,37M,1
3.394417165010175,D35,E1M,1
3.8115695651464367,G9M,D54,1
6.775121432667268,G9M,D46,1
8.23141258940222,D46,G10M,1
9.444519764418152,G10M,D38,1
0.0,,71M,2
0.0,,D54,3
0.29260840805123073,D54,G10M,3
0.0,,D13M,4
0.0,,D48,5
