time,infector,infectee,run_id
0.0,,092286310,1
1.0763241489036195,092286310,095581275,1
0.0,,096359770,2
0.0,,092293382,3
0.0,,092616866,4
0.3734617618484508,092616866,081321771,4
1.2845445635707975,092616866,092787028,4
2.0982898023859415,092616866,092594768,4
2.21511601619362,092594768,081785865,4
0.0,,081320861,5
1.6568785582772267,081320861,081321771,5
