time,infector,infectee,run_id
0.0,,6,1
0.0,,0,2
0.0,,3,3
0.0,,1,4
0.4477504104853149,1,9,4
0.6806883885926499,1,3,4
0.0,,15,5
