time,infector,infectee,run_id
0.0,,079600287,1
0.0,,073005783,2
1.9470726492516792,073005783,072788035,2
0.0,,072887272,3
0.0,,073094005,4
0.0,,072866061,5
0.8449961130647105,072866061,072626077,5
