time,infector,infectee,run_id
0.0,,9F,1
1.4863254395800316,9F,G,1
0.0,,6F,2
0.8790706725880842,6F,M,2
0.0,,4F,3
0.0,,4F,4
0.0,,9F,5
