time,infector,infectee,run_id
0.0,,63M,1
0.9803941616573153,63M,76F,1
1.1934111127903737,76F,67M,1
0.0,,61M,2
0.7713657885098222,61M,124F,2
0.0,,9M,3
0.0,,83F,4
0.004971960047397382,83F,9M,4
2.1229680498453427,83F,41M,4
2.871313063376585,41M,96F,4
2.8735920932853034,96F,17M,4
0.0,,61M,5
0.761894785180702,61M,124F,5
