time,infector,infectee,run_id
0.0,,3B4F,1
0.0,,2E+69,2
0.0,,203,3
0.0,,276F,4
0.12257556222664143,276F,203,4
0.9666744464554786,276F,6D2C,4
1.1845936008705247,6D2C,4B08,4
1.5575215867540542,6D2C,3B3C,4
1.8250208338103582,6D2C,3209,4
0.0,,2317,5
2.360053474024897,2317,276F,5
