time,infector,infectee,run_id
0.0,,079799110,1
0.0853059782436401,079799110,079600620,1
0.10694308983878342,079600620,096355036,1
0.1105918905190611,079600620,079600099,1
0.0,,096373054,2
0.0,,096364294,3
0.0,,096534378,4
0.0,,079623299,5
0.09114565633757585,079623299,096543360,5
1.939106239328516,079623299,096380062,5
