time,infector,infectee,run_id
0.0,,TCS0029,1
0.0,,TCS0006,2
3.2638108693014374,TCS0006,TCS0012,2
0.0,,TCS0053,3
1.5121661367562536,TCS0053,TCS0006,3
0.0,,TCS0004,4
1.311755775032042,TCS0004,TCS0002,4
0.0,,TCS0014,5
