time,infector,infectee,run_id
0.0,,047050797,1
3.063382008814958,047050797,047045094,1
5.386412886396736,047045094,047089590,1
6.500161521946119,047089590,047084847,1
0.0,,047007097,2
1.3459736871802421,047007097,047007544,2
1.5411056871593123,047007097,044055529,2
0.0,,047007097,3
0.0,,047007097,4
0.1878933474688245,047007097,044055529,4
0.0,,047045094,5
0.07089394231581915,047045094,047089590,5
