time,infector,infectee,run_id
0.0,,11F,1
0.5633777052584347,11F,CD,1
0.0,,BG,2
1.2255239243878677,BG,3F,2
2.4544808815978536,BG,5F,2
0.0,,2F,3
1.1352835651590227,2F,3HL,3
0.0,,6L,4
0.038529341302730905,6L,10F,4
0.6081641109689969,6L,12F,4
0.0,,BK,5
0.6633353436465771,BK,9F,5
