time,infector,infectee,run_id
0.0,,079627601,1
0.07139490476685509,079627601,079555046,1
0.0,,079627601,2
0.17734278576046653,079627601,079555046,2
0.0,,095594883,3
0.0,,095593788,4
0.0,,095581309,5
