time,infector,infectee,run_id
0.0,,067023588,1
9.116118766613152,067023588,067081593,1
10.969383238672876,067081593,066851623,1
0.0,,066851623,2
0.0,,066813831,3
0.3354035175141274,066813831,067057333,3
0.0,,066828259,4
5.744081178445185,066828259,066813831,4
6.443116698361271,066828259,067057333,4
6.968659680291562,067057333,066846037,4
8.206175367571879,067057333,067264607,4
21.190711047354007,067057333,067854119,4
41.51781939097177,067854119,066840854,4
0.0,,067023588,5
