time,infector,infectee,run_id
0.0,,079572054,1
0.0,,079788875,2
0.0,,072629257,3
3.176556657918751,072629257,079778296,3
3.80099355092951,079778296,073033842,3
4.275145641150346,079778296,067008379,3
0.0,,073033842,4
1.3588900683569767,073033842,079778296,4
2.294608335522387,073033842,067008379,4
0.0,,072626077,5
