time,infector,infectee,run_id
0.0,,46F,1
0.08484186434110319,46F,B17M,1
0.785067031549983,B17M,A27F,1
0.0,,60F,2
0.0,,30F,3
0.0,,B34F,4
0.08348962926905312,B34F,8007M,4
0.6982003278679304,8007M,A27F,4
0.0,,67M,5
