time,infector,infectee,run_id
0.0,,THW0236,1
0.37325210112327584,THW0236,THW0208,1
0.0,,THW0230,2
0.0,,THW0231,3
0.029679287290973373,THW0231,THW0244,3
0.0,,THW0230,4
0.0,,THW0201,5
