time,infector,infectee,run_id
0.0,,V2,1
0.0,,V6,2
0.0,,V10,3
0.6246464143562127,V10,V3,3
2.1122659337660314,V3,V6,3
0.0,,V2,4
0.0,,V6,5
