time,infector,infectee,run_id
0.0,,8,1
0.0,,15,2
0.08404129324591125,15,13,2
0.9847106368864245,15,11,2
0.0,,5,3
0.0,,2,4
0.0,,8,5
0.3523218802752104,8,13,5
