time,infector,infectee,run_id
0.0,,Mn,1
0.0,,Dk,2
1.0265216241025434,Dk,Mk,2
1.627338109747575,Dk,Hn,2
2.147285950721476,Dk,Er,2
2.265137201650593,Mk,Su,2
2.4590336831145994,Su,Mr,2
4.129176867286738,Dk,Sh,2
4.26532370446486,Su,Sr,2
4.443731916431491,Su,Kb,2
0.0,,Kb,3
0.0,,Mr,4
0.0,,Hr,5
