time,infector,infectee,run_id
0.0,,Sr,1
1.0008223860135803,Sr,Mn,1
1.9089803755199577,Mn,Mk,1
0.0,,Er,2
0.0,,Mn,3
0.0,,Su,4
0.5298019827641184,Su,Mg,4
1.1889355270108286,Su,Mr,4
1.8365465393191864,Su,Kb,4
0.0,,Sr,5
