time,infector,infectee,run_id
0.0,,22,1
0.6775223836315658,22,14,1
0.7254687800933661,22,16,1
0.0,,18,2
0.0,,21,3
0.16361703600720978,21,18,3
1.4803316325291693,21,8,3
1.6308939221453789,8,1,3
2.1766473715856396,8,11,3
0.0,,3,4
0.0,,18,5
