time,infector,infectee,run_id
0.0,,067011775,1
0.698138339817422,067011775,073107614,1
0.0,,072809522,2
0.5868832801339173,072809522,073087333,2
0.0,,072862091,3
0.0,,072809522,4
0.052636077064619424,072809522,067008281,4
0.22044801247660775,072809522,072789309,4
0.0,,073088516,5
