time,infector,infectee,run_id
0.0,,4,1
0.2202032580099813,4,3,1
0.4359410163477119,4,10,1
1.3569112958868057,10,5,1
0.0,,7,2
0.5300216693226198,7,11,2
0.0,,20,3
0.3269128083384086,20,16,3
0.0,,7,4
0.13536324184838902,7,11,4
0.0,,0,5
1.2383325651629684,0,18,5
