time,infector,infectee,run_id
0.0,,081823348,1
0.06421889184861437,081823348,092638297,1
0.9163400648037221,092638297,079589786,1
1.6969495506914194,092638297,081584070,1
0.0,,079589786,2
0.0,,081324621,3
0.0,,092291531,4
0.3467398649264777,092291531,092623618,4
0.0,,092638297,5
