time,infector,infectee,run_id
0.0,,2,1
0.06182457097799561,2,10,1
0.6484746016383611,10,15,1
2.2323912148335205,10,1,1
0.0,,15,2
0.4065614893910801,15,11,2
0.0,,6,3
0.0,,2,4
0.0,,5,5
0.0020150053855386685,5,11,5
0.0961693120786521,5,2,5
0.8361894120797282,11,4,5
