time,infector,infectee,run_id
0.0,,9,1
1.9404160729200237,9,4,1
2.340998280218187,9,16,1
3.1288689631956608,16,12,1
3.3000979019645325,12,3,1
4.0176757297898575,16,14,1
7.440282819518272,16,6,1
7.803169887841884,6,13,1
8.718136900931732,6,15,1
0.0,,4,2
1.2723390485525625,4,17,2
2.9391915236315413,17,11,2
0.0,,15,3
0.0,,17,4
0.8890767399088552,17,0,4
0.0,,15,5
3.402052660983863,15,12,5
8.69677319030077,15,14,5
