time,infector,infectee,run_id
0.0,,096528344,1
0.0,,082320044,2
0.0,,092370621,3
0.0,,092341593,4
0.3382060266931088,092341593,096540268,4
0.0,,095595031,5
0.2700763256680249,095595031,079790373,5
1.7256994498819211,079790373,079639052,5
