time,infector,infectee,run_id
0.0,,TCS0049,1
0.0,,TCS0055,2
0.23845152803654895,TCS0055,TCS0054,2
0.524262608694936,TCS0055,TCS0030,2
0.0,,TCS0046,3
0.0,,TCS0035,4
0.0,,TCS0026,5
