time,infector,infectee,run_id
0.0,,11m,1
0.8286136528483007,11m,5m,1
0.0,,3f,2
0.0,,9f,3
0.0,,18f,4
0.05225229137873198,18f,1m,4
0.32816413178487924,1m,2f,4
0.4046374020275992,1m,6f,4
0.48592222778457916,6f,10m,4
0.5256599041257902,1m,17f,4
2.241426777467897,1m,5m,4
0.0,,25m,5
