time,infector,infectee,run_id
0.0,,614F645,1
0.07063333104054269,614F645,6832B9F,1
0.0,,68301F0,2
0.0,,61F5F97,3
0.0,,68301F0,4
0.37115458097514836,68301F0,6831909,4
0.0,,61F5F97,5
0.07270939874846397,61F5F97,68307C2,5
