time,infector,infectee,run_id
0.0,,092625624,1
0.0,,092291531,2
0.0,,081325574,3
0.34073843506836776,081325574,081823866,3
1.360854550065011,081823866,092110037,3
0.0,,081325638,4
0.0,,095594040,5
