time,infector,infectee,run_id
0.0,,12,1
0.0,,1,2
4.084353680815465,1,2,2
6.098123798096437,2,17,2
0.0,,13,3
1.0650097073469553,13,5,3
3.5879582284264546,5,0,3
3.9699826715925695,0,8,3
5.087086278903023,0,16,3
0.0,,11,4
0.5214064227866169,11,8,4
0.6064897713669855,8,7,4
1.8463755635889227,11,13,4
1.8810573960886972,7,5,4
2.0944858076024793,7,16,4
2.8527836822998505,16,18,4
0.0,,11,5
1.2021593512978328,11,16,5
2.144388904541784,11,8,5
2.302740712339775,11,13,5
2.354520184494472,16,7,5
