time,infector,infectee,run_id
0.0,,2,1
0.0068550384114070126,2,1,1
0.0,,6,2
2.3208536747493214,6,2,2
2.84312869958306,6,9,2
3.396737133506647,2,14,2
3.6187518257725495,2,1,2
3.8490431396110436,6,4,2
6.924577055349715,1,17,2
0.0,,14,3
1.5338723640140897,14,1,3
2.6682443993826577,14,2,3
0.0,,5,4
0.0,,2,5
1.3947641221016354,2,17,5
