time,infector,infectee,run_id
0.0,,F1,1
0.0,,17M,2
0.6373673145655487,17M,F2,2
0.9390630908818991,F2,UNM2M,2
0.0,,M1M,3
0.0,,M1M,4
0.0,,15M,5
2.239051791030711,15M,F2,5
2.3384483387561272,F2,UNM2M,5
5.198795251015916,F2,17M,5
8.507167531699661,15M,F3,5
