time,infector,infectee,run_id
0.0,,GRMBKRE,1
2.0821280391250125,GRMBKRE,LBMDBDB,1
2.521658230262766,LBMDBDB,GRMLBLB,1
2.6233498582930275,LBMDBDB,GRMREBK,1
3.4349912011027968,LBMDBDB,BKORWHM,1
3.4720862689087792,LBMDBDB,VIYEGRM,1
3.5420427384318702,BKORWHM,GRMBKBK,1
0.0,,GRMBKEG,2
0.0,,BKWHGRM,3
0.00247792494406095,BKWHGRM,GRMRERE,3
0.0,,RIGHT-M,4
0.7821269783004329,RIGHT-M,GRMORRE,4
0.0,,GRMLBLB,5
