time,infector,infectee,run_id
0.0,,TCS0002,1
1.0402706862674125,TCS0002,TCS0005,1
0.0,,TCS0073,2
0.0,,T20551,3
0.0,,T22453,4
0.0,,TCS0066,5
0.8045278612557348,TCS0066,TCS0065,5
