time,infector,infectee,run_id
0.0,,FAT,1
1.399559254671804,FAT,RAM,1
0.0,,53,2
0.0,,36,3
1.0176636685565819,36,208,3
0.0,,187,4
0.09068937333264165,187,KAV,4
0.0,,KAN,5
0.22837603912494925,KAN,217,5
0.8596100708076737,KAN,866,5
1.139247079491415,866,KAR,5
1.1653282138055334,866,79,5
1.3915165299095982,KAN,65,5
