time,infector,infectee,run_id
0.0,,DM,1
0.0,,TS,2
0.0,,TC,3
0.5034708281242729,TC,TH,3
1.182774796740467,TC,DH,3
1.7458234557072,TC,DC,3
1.7789758427492839,TC,DE,3
2.658078637889295,DE,TO,3
0.0,,TO,4
0.0,,DZ,5
0.5468410767850465,DZ,TV,5
1.1096642321138714,TV,DE,5
2.6141174413970925,DE,TO,5
