time,infector,infectee,run_id
0.0,,B70,1
2.1770955682693307,B70,D6M,1
0.0,,B34,2
0.0,,D6M,3
0.0,,B35,4
0.8158418304296154,B35,G6M,4
1.7219620718886364,G6M,B67,4
0.0,,47M,5
