time,infector,infectee,run_id
0.0,,TCS0072,1
0.0,,TCS0055,2
0.0,,TCS0073,3
0.0,,TCS0060,4
0.48193089649632975,TCS0060,TFW7850,4
0.7831272742706031,TFW7850,TCS0011,4
0.7935031709760775,TCS0011,TCS0033,4
0.8161122842524491,TCS0033,TCS0012,4
0.818881658145932,TFW7850,TFW6752,4
2.1035971490703376,TCS0033,TCS0055,4
0.0,,TCS0075,5
