time,infector,infectee,run_id
0.0,,RMYR,1
0.0,,YZWM,2
0.0,,WMEO,3
0.1392266310678894,WMEO,UMEY,3
0.23472013090700722,UMEY,RMWB,3
0.42924431906208615,WMEO,QMOG,3
2.3013202168030675,RMWB,XXGG,3
0.0,,QMOG,4
0.1506991389016404,QMOG,RMWB,4
0.41433593418972947,RMWB,XXGG,4
0.7424871195879407,QMOG,WMEO,4
0.0,,WMEO,5
0.06135168225790188,WMEO,QMOG,5
