time,infector,infectee,run_id
0.0,,4,1
0.0,,12,2
1.705667573486092,12,11,2
2.258026519333876,12,10,2
3.090458464780296,12,14,2
3.6033787087626017,11,5,2
0.0,,8,3
3.3789224296942293,8,11,3
3.7660386063226032,11,10,3
4.076591302210335,8,12,3
4.14481057239916,11,3,3
4.544622940706981,10,0,3
0.0,,7,4
0.0,,14,5
