time,infector,infectee,run_id
0.0,,2,1
0.0,,1,2
0.10585598337816854,1,14,2
0.0,,7,3
0.7016136000056843,7,9,3
0.0,,10,4
0.0,,9,5
0.06062119721590438,9,11,5
