time,infector,infectee,run_id
0.0,,059556553,1
0.0,,062779610,2
0.0,,066828259,3
0.0,,067854119,4
1.3550887620059044,067854119,062376035,4
9.571426704596792,067854119,067023588,4
11.050069326711517,062376035,067033791,4
23.68820251576924,062376035,062070364,4
23.703073796116342,062070364,067278087,4
23.805279508381446,062070364,067057333,4
24.57662530648026,067057333,059093318,4
28.189668878406206,059093318,067108828,4
28.320792474971352,067057333,066828259,4
0.0,,062376035,5
