time,infector,infectee,run_id
0.0,,6LI,1
0.0,,5773,2
0.0,,G3635,3
0.0,,T785,4
0.32183709488144796,T785,T851,4
0.0,,3MX,5
0.23750349975647425,3MX,GL,5
0.4312449359321394,GL,8DM,5
0.437571746661214,3MX,3AN,5
0.6268737935197192,8DM,G5479,5
1.0543441584945352,GL,8RS,5
