time,infector,infectee,run_id
0.0,,9,1
0.34966522409374723,9,10,1
0.0,,11,2
0.0,,9,3
0.0,,6,4
3.5003669193276554,6,7,4
3.5764098366065245,6,17,4
6.100171523619188,7,18,4
6.230980480925424,6,5,4
6.956474800743051,18,13,4
7.033797070329209,6,16,4
8.1558311305921,18,3,4
8.61321125774731,5,11,4
10.759435952923656,11,0,4
13.62693030108028,13,8,4
0.0,,1,5
3.8055340011764605,1,17,5
