time,infector,infectee,run_id
0.0,,61865F6,1
0.0,,6831909,2
0.28196293634511915,6831909,68301F0,2
0.47988538581528106,6831909,6835AF9,2
0.0,,61F7EB0,3
0.7166697267770923,61F7EB0,67BA270,3
0.7776147620220989,61F7EB0,614F645,3
0.0,,68301F0,4
2.0919782429048412,68301F0,6831909,4
0.0,,6832B9F,5
0.3142680542023422,6832B9F,61F7EB0,5
0.37738843726772475,6832B9F,614F645,5
0.3820814954579925,6832B9F,67BA270,5
0.879251277357003,67BA270,6834F25,5
