time,infector,infectee,run_id
0.0,,J34,1
0.0,,E23,2
0.0,,37M,3
0.0,,B3M,4
0.22165556218262894,B3M,E48,4
0.43541291826709505,B3M,C16,4
0.0,,B67,5
0.5650662894605373,B67,J15M,5
1.0890281796574328,B67,37M,5
1.3163754739226554,J15M,E32,5
1.3724717048430177,E32,J6M,5
1.472102621505993,J15M,E39,5
1.4790733856822174,E32,J7M,5
1.9585514659840917,E39,308M,5
