time,infector,infectee,run_id
0.0,,12,1
0.11054238727187293,12,8,1
0.4698676504238406,12,2,1
0.7589886178743808,12,13,1
1.5464992354841947,2,9,1
0.0,,6,2
0.20019309827181983,6,2,2
0.0,,7,3
0.0,,9,4
0.8926422029893566,9,8,4
1.5598202731576265,9,1,4
1.8807448331484693,9,3,4
2.019046801338774,9,4,4
2.2475052509491227,4,14,4
3.144249313625267,4,12,4
0.0,,14,5
