time,infector,infectee,run_id
0.0,,1,1
0.0,,14,2
0.0,,11,3
0.0,,14,4
0.0,,0,5
0.29558023944791995,0,12,5
1.1669339380745303,12,8,5
1.4045004160231145,8,3,5
2.7588345712644733,3,11,5
5.845229889264352,0,13,5
