time,infector,infectee,run_id
0.0,,66,1
0.0,,10,2
0.03713047356312062,10,31,2
0.0,,45,3
0.0,,67,4
0.0,,75,5
0.03672008326753849,75,3,5
