time,infector,infectee,run_id
0.0,,THW0201,1
0.5955552370969761,THW0201,THW0241,1
0.0,,THW0243,2
0.0,,THW0202,3
0.7480063405909604,THW0202,THW0209,3
0.0,,THW0232,4
0.7743117500474893,THW0232,THW0202,4
1.0608592441510636,THW0202,THW0209,4
0.0,,THW0206,5
