time,infector,infectee,run_id
0.0,,T718,1
1.392095192779675,T718,T604,1
1.518060956663035,T604,T714,1
2.1827110180410685,T714,T607,1
2.2545177703570873,T607,T711,1
2.804528505281853,T607,T709,1
2.825715167398782,T711,T717,1
3.057134089098523,T607,T603,1
3.951996965361375,T709,T724,1
4.211770059069912,T604,T708,1
0.0,,T704,2
0.0,,T616,3
0.0,,T630,4
0.0,,T727,5
0.5452234620068747,T727,T716,5
0.6590651469291586,T727,T609,5
2.215512953839247,T609,T628,5
