time,infector,infectee,run_id
0.0,,1,1
0.1326106549652617,1,13,1
0.44642016510542315,13,2,1
0.0,,9,2
1.018673772151689,9,6,2
4.669621788813329,9,4,2
0.0,,14,3
0.26422086150191204,14,12,3
0.3133079547709867,14,10,3
0.4600202580352076,10,5,3
0.49473770410163037,14,3,3
0.5356971075620909,5,11,3
0.7849416999041338,5,7,3
0.8761572016676178,12,8,3
0.9469671711888359,10,0,3
2.9866948350658022,0,6,3
0.0,,3,4
0.0,,8,5
