time,infector,infectee,run_id
0.0,,092598848,1
0.4909484719837912,092598848,106335095,1
0.0,,092598556,2
0.0,,092122127,3
1.1606246448798743,092122127,092336607,3
0.0,,092598556,4
0.0,,092582097,5
