time,infector,infectee,run_id
0.0,,12,1
0.28599685113742634,12,3,1
1.090372463424531,12,16,1
1.6763977013512732,12,15,1
2.8211242143551636,12,6,1
0.0,,1,2
0.0,,17,3
0.0,,13,4
1.5377785978250216,13,3,4
1.8861036549337236,3,16,4
1.9570211331104144,3,2,4
2.09917715179371,16,12,4
0.0,,6,5
2.8644510973144945,6,16,5
