time,infector,infectee,run_id
0.0,,092787028,1
0.0,,082359638,2
0.0,,092554615,3
0.1548646197486727,092554615,092123583,3
1.7521142941159455,092123583,092298778,3
2.022683737241689,092123583,092591000,3
0.0,,092591000,4
0.0,,092630365,5
