time,infector,infectee,run_id
0.0,,1,1
0.0,,1,2
0.0,,12,3
0.0,,11,4
0.3459207606177135,11,12,4
0.0,,12,5
1.1291979307868052,12,11,5
