time,infector,infectee,run_id
0.0,,134,1
0.0,,143,2
0.0,,128,3
0.032499333806802456,128,139,3
0.35146347104465675,128,100,3
0.5884940282239465,100,107,3
0.7275204699483648,107,124,3
0.0,,134,4
0.169275165561387,134,144,4
0.5667539813573481,144,115,4
0.8347587230853759,144,113,4
1.3476746207100014,113,129,4
1.3489143079058084,144,125,4
0.0,,100,5
