time,infector,infectee,run_id
0.0,,87,1
0.11682836880508478,87,62,1
0.0,,64,2
0.0,,78,3
0.0,,75,4
0.8504631523020015,75,50,4
0.0,,65,5
