time,infector,infectee,run_id
0.0,,6F,1
0.0,,BK,2
0.0,,1F,3
12.210785210500642,1F,ML,3
0.0,,8F,4
0.21050866249512057,8F,SC,4
0.0,,CD,5
