time,infector,infectee,run_id
0.0,,053538776,1
0.0,,066831616,2
0.0,,066894609,3
0.0,,053323810,4
1.9606587726548708,053323810,062591073,4
1.983817961676525,053323810,062338873,4
2.3416045180205702,053323810,067018595,4
0.0,,053800263,5
