time,infector,infectee,run_id
0.0,,12F,1
0.0,,71F,2
0.29326152629531843,71F,46M,2
7.699317330213352,46M,72F,2
15.888491366634963,46M,70F,2
0.0,,45M,3
0.37489243916408294,45M,69F,3
1.1293511879002305,45M,67F,3
7.884568756301116,67F,44M,3
9.783634524690118,45M,66F,3
10.638470254833397,45M,68F,3
0.0,,62F,4
2.555678753629772,62F,40M,4
3.251098392346457,40M,63F,4
6.967580848590963,40M,61F,4
0.0,,32M,5
