time,infector,infectee,run_id
0.0,,4,1
0.12077036855724549,4,3,1
0.0,,7,2
0.0,,5,3
0.0,,15,4
0.0,,11,5
1.0136114764000113,11,10,5
