time,infector,infectee,run_id
0.0,,V14,1
0.1135350450451527,V14,V13,1
0.0,,V10,2
0.190712960946743,V10,V7,2
0.0,,V4,3
0.0,,V11,4
0.4100212999117434,V11,V1,4
0.46204070079967735,V11,V4,4
1.7461855784550684,V1,V3,4
1.8091964799745723,V3,V8,4
2.2301488566225744,V8,V12,4
0.0,,V7,5
0.8062676967764907,V7,V9,5
1.1215039943409477,V9,V3,5
1.2998531720476427,V3,V5,5
