time,infector,infectee,run_id
0.0,,T4253,1
0.0,,T3184,2
1.5726353268072648,T3184,T3103,2
0.0,,T4107,3
0.7385603285231497,T4107,T4142,3
0.0,,T3073,4
0.0,,T3208,5
