time,infector,infectee,run_id
0.0,,20,1
0.0,,18,2
2.0791304194935423,18,12,2
0.0,,8,3
0.11857065146446903,8,18,3
0.0,,19,4
1.968542638950534,19,16,4
0.0,,19,5
