time,infector,infectee,run_id
0.0,,27f,1
0.0,,11m,2
0.4577993583252013,11m,1m,2
0.0,,25m,3
0.07923668309012011,25m,5m,3
0.2577054290724212,5m,6f,3
0.6943029123767086,6f,17f,3
0.7320351573524208,17f,20f,3
0.929064555786043,6f,11m,3
1.0582163819944665,6f,10m,3
1.145154575666791,11m,1m,3
2.1136705663944224,10m,12m,3
0.0,,7m,4
0.0,,27f,5
