time,infector,infectee,run_id
0.0,,T851,1
0.016865952565309563,T851,T785,1
0.0,,3CA,2
0.24486542111531767,3CA,G6213,2
0.33363236244283934,3CA,3QA,2
0.46823143203073847,G6213,5411,2
0.5571930060761225,5411,3AU,2
0.0,,3CA,3
0.016395481887525286,3CA,G6213,3
0.0,,2BR,4
0.0,,8RS,5
0.033989536999180135,8RS,3MX,5
