time,infector,infectee,run_id
0.0,,062770825,1
0.0,,066836512,2
1.6145071417336265,066836512,066792889,2
1.69394327375865,066836512,067071112,2
0.0,,067103278,3
0.0,,066792889,4
0.0,,067008866,5
