time,infector,infectee,run_id
0.0,,N,1
0.0,,28M,2
0.0,,S,3
0.0,,37M,4
0.49581143760825,37M,M,4
1.5457557827328647,37M,O,4
0.0,,N,5
2.6115790562437415,N,40M,5
2.815385218858544,40M,Q,5
