time,infector,infectee,run_id
0.0,,26F,1
0.0,,56F,2
0.0,,50F,3
0.06498461686684225,50F,B1M,3
0.0,,66F,4
0.7649642905112598,66F,C7M,4
0.0,,37M,5
0.9484754693386919,37M,56F,5
1.0834302742356694,56F,11M,5
