time,infector,infectee,run_id
0.0,,D12M,1
0.0,,D41,2
0.036578753329955804,D41,45M,2
0.4217180908475279,45M,D34,2
0.4512136482374691,D41,D14M,2
1.028331612409063,D14M,C22,2
1.3451786182348626,45M,D45,2
1.4210252005230533,D34,D12M,2
1.9931547705259935,D12M,D52,2
0.0,,C22,3
0.0,,D14M,4
0.0,,45M,5
0.26471641635912974,45M,B35,5
