time,infector,infectee,run_id
0.0,,0,1
0.0,,6,2
0.0,,3,3
0.07609588612050038,3,0,3
0.6275148364128151,3,7,3
0.0,,10,4
0.0,,1,5
0.008269140773783955,1,0,5
0.6223095990788816,0,9,5
1.0033440747199007,0,16,5
1.1065763144125742,0,2,5
1.1278896719242013,0,3,5
1.5660139899105585,9,6,5
