time,infector,infectee,run_id
0.0,,079598286,1
0.14577146479047978,079598286,079788842,1
0.40325922367611244,079788842,079569373,1
0.0,,096373000,2
0.016895215953931255,096373000,096358350,2
0.0,,096375374,3
0.0,,079633813,4
0.9121596878490683,079633813,096374882,4
1.3722055033595106,079633813,095566568,4
1.5496267049176355,079633813,079558089,4
1.6272035855986373,079558089,096548295,4
0.0,,079576604,5
