time,infector,infectee,run_id
0.0,,BGS-1785,1
0.0,,BGS-1654,2
2.7275471228203156,BGS-1654,BGS-1653,2
0.0,,BGS-943,3
1.1071082161636283,BGS-943,BGS-941,3
1.2737094484019138,BGS-941,BGS-942,3
2.002577313886663,BGS-941,BGS-1039,3
0.0,,BGS-3272,4
0.0,,BGS-1160,5
