time,infector,infectee,run_id
0.0,,80,1
0.0,,95,2
0.0,,35,3
0.6682456029484128,35,80,3
1.3858173657606767,80,91,3
0.0,,67,4
0.6310006796603088,67,95,4
0.0,,36,5
