time,infector,infectee,run_id
0.0,,062300018,1
0.0,,052633601,2
0.08865802081396641,052633601,067042091,2
0.12476320077453981,067042091,067287619,2
0.1617156362616317,067042091,053031587,2
0.0,,053615614,3
0.0,,053615614,4
4.634370246203483,053615614,062331632,4
0.0,,062260610,5
0.4109130409722961,062260610,067263777,5
1.6800767558234946,062260610,062792073,5
