time,infector,infectee,run_id
0.0,,gx,1
0.0,,gm,2
0.2924947912429369,gm,ps,2
1.8257191640466588,gm,ev,2
2.1289637530540144,gm,ip,2
0.0,,oz,3
0.12339652437117529,oz,kz,3
1.5072589340644997,kz,ev,3
1.5433524794402502,ev,ip,3
2.059718301443154,ip,ps,3
2.622755930623102,ip,dw,3
2.8798499821877597,kz,mp,3
0.0,,oz,4
0.0,,ev,5
