time,infector,infectee,run_id
0.0,,14,1
0.3618911552375961,14,12,1
0.0,,14,2
2.098808918330797,14,12,2
0.0,,6,3
0.0,,5,4
0.15155246316774681,5,7,4
0.6706546244550524,7,17,4
4.211163791600487,17,1,4
4.887280354793487,1,2,4
5.081191033116087,17,15,4
0.0,,6,5
0.30067899450759944,6,5,5
1.0232501504462856,5,7,5
