time,infector,infectee,run_id
0.0,,16,1
0.31751873484940474,16,5,1
1.7362405591118413,5,11,1
1.9832766993872066,5,6,1
2.29010537626654,6,7,1
3.405270868410484,5,10,1
4.120529048083167,16,13,1
4.202299489216205,10,9,1
0.0,,5,2
1.0621077041606926,5,6,2
0.0,,7,3
0.0,,13,4
0.5743957945113521,13,11,4
0.8686773642525836,11,0,4
0.9766883365700497,13,8,4
1.460591198079815,13,3,4
2.109368545270862,3,18,4
2.9276317315863327,3,6,4
3.0600017204935344,13,16,4
0.0,,0,5
