time,infector,infectee,run_id
0.0,,TPV151,1
1.696824503367352,TPV151,TPV114,1
0.0,,TPV150,2
0.0,,TPV148,3
0.0,,TPV150,4
0.0,,TPV133,5
0.04571207574341543,TPV133,TFW7444,5
0.07637680825351177,TFW7444,TFW7447,5
0.19660881516508744,TPV133,TFW6755,5
0.20370108619811317,TFW7444,TPV117,5
0.3433063321354625,TPV117,TPV144,5
