time,infector,infectee,run_id
0.0,,079637566,1
1.1418045619310382,079637566,096523262,1
0.0,,079794062,2
0.9257683411361172,079794062,079768526,2
0.0,,096523262,3
0.0,,079637566,4
0.0,,079794062,5
