time,infector,infectee,run_id
0.0,,T280,1
0.0,,T109,2
0.46270761602224475,T109,T122,2
0.9766255874290127,T109,T106,2
2.6415821092155136,T122,T503,2
3.053349553537251,T503,T136,2
4.817923232784065,T136,T103,2
0.0,,T316,3
0.0,,T221,4
0.1565849486168019,T221,T103,4
0.5629768684308268,T103,T136,4
1.7841246959423058,T103,T122,4
3.9993475647412113,T136,T218,4
4.995857747167099,T218,T416,4
0.0,,T221,5
