time,infector,infectee,run_id
0.0,,14,1
0.0,,13,2
0.41963148299062447,13,3,2
0.7957398247130991,13,11,2
0.9773359598764215,11,15,2
0.0,,2,3
0.0,,15,4
0.5300413484743787,15,11,4
0.0,,7,5
0.15411382440623014,7,6,5
0.3078435287869038,6,2,5
