time,infector,infectee,run_id
0.0,,NEIG,1
0.06140826205378092,NEIG,O203,1
0.11186366946097856,NEIG,ALPHAF,1
0.23707398217093434,NEIG,P277,1
0.35859570964009296,NEIG,P274,1
2.6236155744341536,NEIG,X2T,1
0.0,,P274,2
0.0,,EPIS,3
0.0,,P277,4
0.17373691556401966,P277,EPIS,4
0.8622039371827837,P277,PUNK,4
1.2721043664180587,P277,NEIG,4
1.3999953688311038,P277,MARILIN,4
1.5273356478814855,PUNK,K431,4
2.0000699357035114,EPIS,X2T,4
2.270009013389951,PUNK,MA,4
2.3359916976302277,MA,DIANA,4
0.0,,EPIS,5
