time,infector,infectee,run_id
0.0,,27f,1
0.574772593192658,27f,5m,1
0.0,,1m,2
0.4632755700289537,1m,18f,2
0.7089438281395037,1m,21m,2
1.465452875515299,18f,2f,2
0.0,,23f,3
0.0,,9f,4
0.5413104836796029,9f,5m,4
1.214571580587902,5m,27f,4
0.0,,8f,5
