time,infector,infectee,run_id
0.0,,670D222,1
0.0,,68301F0,2
0.0,,614F645,3
0.01843952141341187,614F645,67BA270,3
0.22056306533264164,614F645,6832B9F,3
0.0,,6835AF9,4
0.0,,6832B9F,5
0.269880404529963,6832B9F,61F7EB0,5
1.4223122620545294,61F7EB0,66FF8F7,5
1.5635708962728592,61F7EB0,614F645,5
