time,infector,infectee,run_id
0.0,,2,1
0.0,,3,2
0.4011025854061387,3,17,2
1.6994356246296158,3,10,2
2.231463772953011,3,1,2
3.2318117323270834,3,8,2
0.0,,0,3
0.0,,3,4
0.47584537752382056,3,10,4
0.948408325667001,3,4,4
1.704907714956197,4,8,4
0.0,,16,5
0.0010153404869966832,16,7,5
0.9156363904462449,16,6,5
1.2557329542258804,16,17,5
2.9677491557894244,6,0,5
3.631981581050943,0,1,5
4.362245587104015,1,8,5
5.187546431645405,8,2,5
