time,infector,infectee,run_id
0.0,,047007541,1
0.08530719493258382,047007541,047018295,1
0.8745718579974091,047007541,047097356,1
1.0888479960481126,047007541,047029314,1
0.0,,047021291,2
0.0,,047034048,3
0.0,,047034048,4
0.0,,047023582,5
1.507614797883907,047023582,047021291,5
