time,infector,infectee,run_id
0.0,,F,1
2.452109176989228,F,11M,1
0.0,,B,2
0.17287846521094288,B,7M,2
0.8947048258277641,B,3M,2
2.0882238666398654,3M,D,2
0.0,,3M,3
0.31244028208820335,3M,B,3
1.7642728901544027,3M,D,3
0.0,,7M,4
0.740457388444083,7M,B,4
0.0,,E,5
0.54836949011898,E,16M,5
