time,infector,infectee,run_id
0.0,,TCS0062,1
0.0,,TCS0074,2
0.0,,TCS0055,3
0.0,,TCS0032,4
0.0,,TFW7850,5
0.8013207961226894,TFW7850,TCS0012,5
1.3972023719586026,TFW7850,TCS0033,5
