time,infector,infectee,run_id
0.0,,TCS0024,1
0.0,,TCS0049,2
0.0,,TCS0026,3
0.0,,TCS0071,4
0.0,,TCS0004,5
1.5422223851633314,TCS0004,TCS0046,5
1.8969460885508815,TCS0004,TCS0005,5
