time,infector,infectee,run_id
0.0,,095593615,1
1.5752780388731054,095593615,095566620,1
2.3328544604051373,095566620,092628063,1
0.0,,095566620,2
0.0,,082337860,3
0.0,,095593845,4
0.7926765734847226,095593845,092631573,4
1.33438401336123,095593845,092126357,4
0.0,,092100011,5
0.29434571642102775,092100011,092126357,5
0.8206732913391588,092100011,092091877,5
1.1543709500468098,092126357,092623618,5
2.580864295016945,092623618,092291531,5
3.1324892132483133,092291531,079586787,5
