time,infector,infectee,run_id
0.0,,NB,1
0.0,,SB,2
0.799505058258197,SB,S#,2
0.0,,PN,3
0.4423478512607364,PN,MS,3
0.5790220529659653,MS,TR,3
0.7848562832130412,MS,KB,3
0.9210935403015327,MS,NW,3
1.6673046238428717,MS,MK,3
1.7969449110615954,NW,CS,3
1.9771373251839135,MS,LL,3
0.0,,TR,4
0.3208147485874434,TR,MS,4
0.41900291833050735,MS,NW,4
0.8447786521503637,NW,CS,4
1.0582916780932343,CS,LL,4
1.071850200290784,MS,KB,4
0.0,,PN,5
