time,infector,infectee,run_id
0.0,,2,1
0.6290545326369962,2,1,1
1.142729481682867,2,14,1
0.0,,1,2
0.5439806774241075,1,14,2
1.169312533852921,1,2,2
1.3501520592183383,1,3,2
1.417151553139496,3,12,2
1.4639984639783115,12,8,2
1.5326580701345842,12,6,2
1.653105154497353,3,0,2
1.666483894273696,8,15,2
1.9176523651591286,12,13,2
1.929741659798732,13,5,2
2.504747525766922,13,7,2
0.0,,5,3
0.0,,1,4
0.0,,8,5
