time,infector,infectee,run_id
0.0,,T302,1
0.370976201396823,T302,T316,1
1.2452773145075902,T302,T319,1
0.0,,T711B,2
0.0,,T125,3
0.0,,T434,4
0.0,,T115,5
