time,infector,infectee,run_id
0.0,,D51,1
1.2882277336125347,D51,35M,1
1.4650925649270776,D51,D25M,1
0.0,,D10M,2
0.0,,35M,3
0.0,,D25M,4
0.0,,D44,5
