time,infector,infectee,run_id
0.0,,6,1
0.0,,14,2
1.168715570985505,14,12,2
2.057712590030033,12,2,2
2.3583350038919217,2,3,2
2.368177829571614,3,0,2
2.5490417523498534,3,6,2
2.60632997675069,12,13,2
2.766782001216833,12,10,2
3.1597396213862767,12,5,2
3.9226946739228863,10,8,2
6.0167332649705365,8,15,2
0.0,,11,3
0.0,,6,4
0.0,,14,5
