time,infector,infectee,run_id
0.0,,095595516,1
0.0,,095566605,2
0.22295566903493716,095566605,095594579,2
0.6937534478554319,095566605,095593845,2
0.0,,079783103,3
0.8805285865727586,079783103,095593845,3
0.0,,079594306,4
0.0,,079594306,5
