time,infector,infectee,run_id
0.0,,27f,1
0.0,,5m,2
0.29775436467028027,5m,9f,2
0.390110496900387,5m,18f,2
1.2446892740583066,9f,11m,2
0.0,,16m,3
0.0,,10m,4
0.0,,19m,5
