time,infector,infectee,run_id
0.0,,T712,1
0.0,,T607,2
0.15147144474620586,T607,T604,2
0.0,,T720,3
0.0,,T712,4
0.9690604903106401,T712,T706,4
0.0,,T724,5
