time,infector,infectee,run_id
0.0,,15,1
0.25282328849239744,15,17,1
0.0,,12,2
0.0,,5,3
0.2995294258717637,5,4,3
0.0,,0,4
0.9436361048239792,0,13,4
1.651163194958042,13,3,4
1.660410348662507,0,5,4
0.0,,3,5
3.3551792472946045,3,13,5
