time,infector,infectee,run_id
0.0,,V6,1
0.0,,V13,2
0.0,,V13,3
0.5920832797130785,V13,V12,3
0.0,,V1,4
0.4163406099052421,V1,V14,4
0.7157407782843769,V1,V12,4
0.8820941741620896,V1,V11,4
0.0,,V9,5
