time,infector,infectee,run_id
0.0,,7,1
0.0,,6,2
0.0,,11,3
0.06513024751313415,11,7,3
0.2724171394015782,7,4,3
0.0,,16,4
0.0,,3,5
