time,infector,infectee,run_id
0.0,,TCN817,1
0.999837350439769,TCN817,TCN821,1
1.0391595748021198,TCN821,TCN803,1
1.608048687900161,TCN817,TCN825,1
0.0,,TCN822,2
0.0,,TCN814,3
0.0,,TCN806,4
0.0,,TCN812,5
0.21336064014416242,TCN812,TCN804,5
0.2750963274403761,TCN804,TCN816,5
0.412106065090449,TCN812,TCN824,5
0.43670433012693166,TCN804,TCN815,5
0.7894594409138348,TCN815,TCN808,5
0.7986052318654504,TCN815,TCN823,5
0.9028576819011562,TCN823,TCN826,5
1.2942845491424024,TCN804,TCN820,5
