time,infector,infectee,run_id
0.0,,36,1
0.252344160636728,36,59,1
2.952658252236861,36,19,1
4.035281929449696,19,14,1
0.0,,65,2
1.1007556939835104,65,35,2
0.0,,47,3
0.0,,12,4
0.0,,64,5
