time,infector,infectee,run_id
0.0,,066869356,1
0.0,,062781011,2
1.1922656515547683,062781011,067023588,2
0.0,,067053296,3
0.7696730743545057,067053296,066870774,3
0.0,,066869356,4
1.978082175226599,066869356,067048097,4
0.0,,068066870,5
3.052847712747516,068066870,066869356,5
