time,infector,infectee,run_id
0.0,,?f4,1
0.0,,m27,2
0.6962682709901561,m27,L,2
1.394061118245113,L,?m8,2
1.41728954591568,L,m25,2
0.0,,m28,3
0.0,,L,4
0.0,,m14,5
1.462725207233921,m14,?f3,5
1.6537920718877266,m14,H,5
