time,infector,infectee,run_id
0.0,,TCS0044,1
0.0,,TCS0048,2
0.0,,TCS0052,3
0.0,,TCS0058,4
1.0674932724323098,TCS0058,TCS0054,4
1.2611044704178016,TCS0054,TFW6758,4
1.7410743180761672,TCS0054,TCS0057,4
1.8572589224382836,TFW6758,TCS0053,4
2.205913743938718,TCS0053,TCS0044,4
2.5893547127463212,TCS0058,TCS0014,4
3.8519979492164826,TCS0044,TCS0055,4
0.0,,TCS0054,5
