time,infector,infectee,run_id
0.0,,Sep,1
0.0957254784962881,Sep,Bam,1
0.28446664808041555,Sep,Bol,1
0.0,,Yuk,2
0.4142228837488925,Yuk,Pot,2
0.0,,Riv,3
0.0,,Voo,4
0.0,,Pot,5
