time,infector,infectee,run_id
0.0,,G13M,1
0.7236951794017562,G13M,C16,1
2.1598709352422443,C16,3907M,1
0.0,,D20M,2
0.6010730618626452,D20M,B46,2
0.7028059145402596,D20M,D44,2
0.9443440903130724,D44,D3M,2
0.0,,B44,3
0.0,,D54,4
0.0,,4M,5
