time,infector,infectee,run_id
0.0,,079576604,1
3.000132973621378,079576604,079578523,1
5.524330822413489,079576604,079796297,1
0.0,,096525010,2
0.0,,079573889,3
0.0,,096525010,4
0.0,,079782300,5
