time,infector,infectee,run_id
0.0,,9f,1
0.0,,19m,2
0.0,,18f,3
1.7743455044063683,18f,25m,3
3.8702448004844943,25m,6f,3
3.916988624718627,6f,10m,3
4.080478444282304,10m,17f,3
4.81096582199672,17f,20f,3
5.963148602621759,10m,16m,3
0.0,,7m,4
0.0,,8f,5
0.35966263465782905,8f,11m,5
