time,infector,infectee,run_id
0.0,,X44,1
1.7388605348852428,X44,X45,1
2.240016033494828,X44,X30,1
0.0,,X10,2
0.0,,X48,3
0.0,,X32,4
0.0,,X64,5
