time,infector,infectee,run_id
0.0,,047011120,1
0.0,,047048886,2
0.1359449294203638,047048886,047062120,2
0.2078658816927192,047062120,047000336,2
1.1172588756618382,047000336,047007064,2
1.2839937863472726,047048886,047011120,2
1.3483715094849953,047000336,045256787,2
1.9094843212002088,047007064,047054830,2
0.0,,047011120,3
1.4219159470899034,047011120,047048886,3
0.0,,047027337,4
0.0,,047101525,5
