time,infector,infectee,run_id
0.0,,072776818,1
0.0,,079597862,2
0.0,,096543337,3
0.0,,079796297,4
2.402035147850474,079796297,073108884,4
0.0,,073111827,5
1.5486043443746471,073111827,079563056,5
