time,infector,infectee,run_id
0.0,,7714,1
0.17593088666962645,7714,ER,1
0.0,,UNK,2
0.07424382927883934,UNK,X528,2
0.0,,3TC_5777,3
0.7906366113065674,3TC_5777,6RA_6491_6493,3
0.0,,7731,4
0.410547855366369,7731,7724,4
0.0,,YM,5
0.01355662607888838,YM,YR,5
