time,infector,infectee,run_id
0.0,,T5528,1
0.0,,T5078,2
0.0,,T5540,3
0.0,,T5211,4
0.0,,T5103,5
3.335141087607666,T5103,T5011,5
3.4613333127354027,T5011,T5010,5
