time,infector,infectee,run_id
0.0,,6,1
1.2228157878457122,6,5,1
0.0,,13,2
0.0,,10,3
1.1640317273269025,10,12,3
1.5612117085784865,12,5,3
2.614628106088671,12,0,3
3.6837571135561253,12,3,3
4.880831346492919,5,14,3
0.0,,6,4
0.004833689265927837,6,9,4
0.0,,3,5
0.326329937774149,3,11,5
