time,infector,infectee,run_id
0.0,,31M,1
0.3052996847530659,31M,S,1
0.0,,Q,2
0.0,,Q,3
0.0,,31M,4
0.0,,45M,5
0.2547760161235116,45M,P,5
