time,infector,infectee,run_id
0.0,,45,1
0.0,,24,2
0.835746064650836,24,36,2
1.2670299688474789,36,94,2
4.799367850802556,24,45,2
6.022307558724961,45,55,2
7.5252185556377045,24,8,2
0.0,,96,3
3.997523898861486,96,44,3
4.556030734316696,96,56,3
4.927459326343874,44,12,3
6.154823585613017,96,82,3
7.190149665376004,96,69,3
0.0,,32,4
0.0,,71,5
2.5715267202997376,71,19,5
2.613448288205096,19,7,5
4.316876629068608,71,34,5
5.261773612651027,7,46,5
15.902044388988635,7,60,5
