time,infector,infectee,run_id
0.0,,kz,1
0.9628900901307158,kz,ak,1
3.7859769046863763,ak,ps,1
4.08421720796277,ak,mp,1
4.992758641799526,ak,ev,1
6.495183300910897,mp,iz,1
0.0,,ak,2
1.0681512007151228,ak,mp,2
2.5621833552724502,ak,gm,2
0.0,,iz,3
1.1006946092600882,iz,ps,3
5.293313988609868,iz,mp,3
0.0,,oz,4
0.7118679350498103,oz,dw,4
1.695971572120044,oz,ps,4
0.0,,ip,5
