time,infector,infectee,run_id
0.0,,qn,1
0.0,,ll,2
0.1349779634329851,ll,bd,2
0.2620436873040448,bd,id,2
0.4903609709874125,id,nu,2
0.9671930007666205,nu,xd,2
3.165455599918415,nu,pq,2
6.368061325656431,nu,ev,2
0.0,,qo,3
0.0,,ws,4
1.2600160494354367,ws,rc,4
2.4291552206764755,rc,xb,4
2.4433091969793628,xb,zk,4
0.0,,xd,5
