time,infector,infectee,run_id
0.0,,ID76,1
0.0,,ID81,2
0.6897101082708194,ID81,ID76,2
0.0,,ID82,3
0.0,,ID35,4
0.8965071732753803,ID35,ID77,4
0.0,,ID19,5
