time,infector,infectee,run_id
0.0,,23f,1
0.23700103192191072,23f,22f,1
0.0,,20f,2
0.116423838060017,20f,12m,2
2.3372477607302016,20f,17f,2
0.0,,27f,3
0.0,,5m,4
0.0,,25m,5
