time,infector,infectee,run_id
0.0,,16,1
0.0,,16,2
0.0,,4,3
0.04682074201385769,4,10,3
0.20804948773603926,10,5,3
0.0,,10,4
0.2450243256463619,10,5,4
0.0,,11,5
0.29134014311006506,11,7,5
