time,infector,infectee,run_id
0.0,,096373109,1
0.0,,092578259,2
0.0,,096531038,3
0.0,,095593845,4
0.0,,095566605,5
0.504501114099396,095566605,095593615,5
1.0692314494906472,095593615,095593845,5
