time,infector,infectee,run_id
0.0,,068777857,1
0.4953144668493057,068777857,068786285,1
0.0,,067008281,2
0.0,,067074577,3
0.0,,062591073,4
0.005539042171331362,062591073,066842581,4
0.0,,066842581,5
0.24998227395034395,066842581,068786285,5
