time,infector,infectee,run_id
0.0,,4,1
0.0,,10,2
0.7749276574961321,10,6,2
0.9307549780065798,10,13,2
0.0,,10,3
0.08986405416860907,10,13,3
0.20003585378521563,13,9,3
0.21174411459128092,13,8,3
0.6800775299907973,8,6,3
1.5059325983548404,8,2,3
1.6959857772425904,2,1,3
1.9539064847462053,2,11,3
2.2049767857862044,8,12,3
2.2266405414660495,12,0,3
2.480700104031379,12,7,3
0.0,,11,4
0.0,,0,5
