time,infector,infectee,run_id
0.0,,T13,1
0.0,,T214,2
0.0,,T202,3
0.30860570269334625,T202,T210,3
1.545848531603921,T210,T201,3
0.0,,T206,4
0.0,,T317,5
