time,infector,infectee,run_id
0.0,,066844358,1
0.0,,066844358,2
0.0,,066840873,3
0.0,,066856299,4
0.40100675940811864,066856299,062343573,4
0.9907470626378838,066856299,067008096,4
1.3522842690877424,066856299,066834120,4
4.472294856764078,066834120,067008810,4
0.0,,067020597,5
0.678986162108192,067020597,067034530,5
