time,infector,infectee,run_id
0.0,,T4260,1
0.0,,T5040,2
0.0,,T3439,3
0.0,,T3450,4
1.6618475063706686,T3450,T3459,4
3.986735303452492,T3450,T3449,4
0.0,,T26,5
2.194268468743279,T26,T13,5
2.3722907376659137,T13,T4313,5
2.6538570582004493,T13,T47,5
