time,infector,infectee,run_id
0.0,,9f,1
0.0,,6f,2
0.2921944777632529,6f,22f,2
0.0,,7m,3
0.08507593708726907,7m,11m,3
0.0,,18f,4
1.6047328331606099,18f,2f,4
2.751250053207295,2f,21m,4
0.0,,9f,5
1.112936838175702,9f,5m,5
1.507576930124669,5m,27f,5
