time,infector,infectee,run_id
0.0,,34,1
0.06897290679602046,34,17,1
0.0,,32,2
0.0,,53,3
0.0,,70,4
0.0,,73,5
0.34900950305416634,73,70,5
0.7649626193040286,70,27,5
1.168447173984819,73,24,5
2.108380561188351,24,34,5
