time,infector,infectee,run_id
0.0,,18M,1
1.1878164337323975,18M,52F,1
0.0,,17M,2
3.064988194686345,17M,56F,2
0.0,,48F,3
0.0,,57F,4
0.5786253027065883,57F,6M,4
1.7261661386373208,6M,52F,4
4.073233405743948,52F,18M,4
4.281222257702634,6M,41F,4
10.726221415995179,52F,31M,4
12.204024525732017,31M,46F,4
12.514814108620168,46F,2M,4
0.0,,45F,5
