time,infector,infectee,run_id
0.0,,073097879,1
0.0,,096531011,2
1.3791915466319455,096531011,079775256,2
0.0,,079794062,3
0.0,,079782834,4
0.37159166964289025,079782834,096552380,4
0.0,,096552380,5
0.8798364519489454,096552380,079769572,5
1.1549942813800271,079769572,079569893,5
1.1592109857221804,079769572,096523262,5
1.6572135816765585,079769572,073097879,5
