time,infector,infectee,run_id
0.0,,54,1
0.0,,17,2
0.6803479947629023,17,70,2
0.8970487681648494,70,35,2
1.024803781971087,70,73,2
3.2698106164841563,73,24,2
0.0,,34,3
0.0,,53,4
0.0,,68,5
1.3544409830229809,68,65,5
