time,infector,infectee,run_id
0.0,,YB,1
10.869154091830914,YB,YE,1
0.0,,X528,2
0.0,,YA,3
0.0,,7721,4
0.0,,6RA_6491_6493,5
5.608944943658523,6RA_6491_6493,5773,5
9.92841530226785,5773,3TC_5777,5
