time,infector,infectee,run_id
0.0,,27f,1
0.0,,27f,2
0.0,,19m,3
0.0,,10m,4
0.0,,23f,5
0.41383751191209667,23f,10m,5
2.2994639536187336,10m,9f,5
