time,infector,infectee,run_id
0.0,,7,1
0.0,,2,2
0.9337402969757811,2,13,2
1.04027752541551,13,4,2
1.4210414892176289,13,10,2
2.3282260682390006,10,1,2
0.0,,8,3
0.0,,0,4
0.6574341267104952,0,15,4
0.7476393369600739,15,24,4
0.9807195597280082,15,8,4
1.0218274421092826,24,20,4
0.0,,21,5
1.1496597961629245,21,16,5
