time,infector,infectee,run_id
0.0,,13,1
0.1547132420112695,13,11,1
0.41164945793076113,13,8,1
0.0,,11,2
0.142361875519176,11,18,2
0.719338921759652,18,16,2
1.020840028908104,16,7,2
1.0535139989450863,7,6,2
2.1494308695859736,6,5,2
2.6566727634720344,5,17,2
3.844421003292179,16,13,2
4.800884142771493,13,8,2
0.0,,3,3
0.0,,11,4
0.025335351687725466,11,16,4
0.17954134068794797,16,5,4
0.0,,3,5
