time,infector,infectee,run_id
0.0,,13,1
1.0934199157917448,13,10,1
0.0,,9,2
0.0,,14,3
0.14092016677056407,14,10,3
0.5654817128745939,14,9,3
0.0,,15,4
7.361647459612761,15,4,4
0.0,,15,5
