time,infector,infectee,run_id
0.0,,3f,1
0.0,,18f,2
0.0,,20f,3
0.4107500905247715,20f,10m,3
0.6608591082691841,10m,6f,3
0.0,,9f,4
0.0,,7m,5
