time,infector,infectee,run_id
0.0,,12,1
0.9685011425631087,12,11,1
2.6426508031086886,12,10,1
3.012550675530953,12,0,1
3.095472290385563,10,8,1
3.957140284052998,0,7,1
5.014510711353923,7,6,1
6.718594310541556,10,3,1
0.0,,2,2
0.0,,2,3
0.0,,10,4
0.0,,4,5
