time,infector,infectee,run_id
0.0,,063368122,1
1.424964682474947,063368122,066857009,1
0.0,,063553602,2
0.5544818847316535,063553602,062274382,2
0.7174706895105112,062274382,062300322,2
0.0,,067104842,3
0.398475215479262,067104842,066870854,3
0.0,,062101614,4
0.0,,067776838,5
0.6090027831733887,067776838,067008866,5
