time,infector,infectee,run_id
0.0,,177F,1
0.0,,104M,2
0.21493719161041797,104M,209F,2
0.4426646086663172,209F,37M,2
0.957971106526126,104M,221F,2
0.0,,89M,3
0.0,,156F,4
1.0892002212454037,156F,33M,4
0.0,,170F,5
0.3026618532545637,170F,57M,5
