time,infector,infectee,run_id
0.0,,047002070,1
1.9552966280391793,047002070,043853015,1
0.0,,047067093,2
0.0,,047064514,3
0.0,,047045808,4
0.3903063229900873,047045808,047098322,4
0.0,,047016877,5
0.03997810222686874,047016877,045095064,5
0.13829952609792856,047016877,047063109,5
