time,infector,infectee,run_id
0.0,,T,1
0.0,,O,2
10.242980447531592,O,28M,2
13.708029291669263,O,37M,2
14.055206778544887,37M,M,2
0.0,,5M,3
1.323109674948822,5M,N,3
0.0,,14M,4
0.0,,M,5
1.9527792699031277,M,37M,5
3.7568412543184535,37M,O,5
7.661971328607457,37M,T,5
