time,infector,infectee,run_id
0.0,,Sf2,1
14.14880664528804,Sf2,Sm2,1
16.540665308461715,Sm2,Sf3,1
21.651921048865713,Sf3,Sm1,1
23.823744285113182,Sm1,Sf1,1
27.294297817748184,Sm2,Sf4,1
0.0,,Hm2,2
2.59710431902285,Hm2,Hf2,2
6.1604552774221375,Hf2,Sm3,2
9.977620028695702,Hf2,Tm1,2
0.0,,Mm2,3
0.4958249398751079,Mm2,Mf2,3
0.0,,Mm2,4
0.0,,Hm2,5
8.287406373133022,Hm2,Hf2,5
10.824680698447134,Hf2,Sm3,5
11.392453301407722,Hf2,Tm1,5
