time,infector,infectee,run_id
0.0,,m19,1
1.5054245342421642,m19,J,1
2.7423492150229034,J,?m7,1
3.6524488595888087,?m7,?f4,1
0.0,,G,2
1.0565524483024171,G,?m5,2
0.0,,m6,3
0.13310001811973055,m6,C,3
0.0,,?m1,4
0.53071829406751,?m1,A,4
1.0087474246687411,A,m1,4
3.6774198800746274,A,m2,4
0.0,,m13,5
0.8392430612893628,m13,G,5
5.870634120414013,G,?m5,5
