time,infector,infectee,run_id
0.0,,TPV148,1
0.0,,TFW7447,2
1.2281517911697448,TFW7447,TPV149,2
3.0630194428268993,TPV149,TPV155,2
3.8658683131969105,TFW7447,TFW6755,2
6.942060789454267,TFW6755,TFW7444,2
8.604292705608092,TFW6755,TPV133,2
9.395338920639688,TFW6755,TPV114,2
18.719385914746972,TPV114,TPV151,2
0.0,,TPV122,3
1.1647388374554408,TPV122,TPV148,3
3.0622652301959294,TPV122,TPV153,3
5.650837136960202,TPV153,TPV118,3
0.0,,TPV147,4
0.0,,TPV136,5
