time,infector,infectee,run_id
0.0,,7,1
0.0,,7,2
0.0,,6,3
0.11812913405116732,6,7,3
0.0,,9,4
0.3806906384010908,9,4,4
0.6478202558660602,4,1,4
1.155659270048764,9,11,4
1.4302052308362039,4,5,4
0.0,,9,5
1.4631440946532306,9,4,5
2.1977610540044368,4,11,5
3.2908773594942375,11,5,5
3.292678714669539,4,1,5
3.4605540183811394,5,2,5
3.7020395183529264,1,6,5
3.947850053872708,1,7,5
