time,infector,infectee,run_id
0.0,,081313104,1
1.1020050174700458,081313104,081792004,1
0.0,,092631573,2
0.3297313609674762,092631573,092083625,2
0.3462195319656517,092631573,096530293,2
0.8258538854827758,092083625,092091877,2
0.0,,092125016,3
1.281326318912965,092125016,092262022,3
0.0,,081305289,4
0.8640275194624849,081305289,081327269,4
1.6353270511806257,081327269,081313104,4
1.9127697132609998,081313104,092315002,4
1.9698471049335706,081313104,081792004,4
0.0,,081324802,5
