time,infector,infectee,run_id
0.0,,ks,1
0.33360966378161966,ks,dv,1
1.4661620547089376,ks,gv,1
1.5180142923635631,gv,il,1
2.2731004292496677,gv,oh,1
2.274921456815243,il,vd,1
2.6986921440816736,gv,sq,1
2.8202500618538298,sq,qr,1
0.0,,il,2
0.20593113888710377,il,zb,2
0.0,,xt,3
0.47395810388303455,xt,qa,3
0.0,,oh,4
0.0,,bz,5
0.09828074629308917,bz,qa,5
