time,infector,infectee,run_id
0.0,,13,1
0.36301125461696243,13,75,1
0.0,,42,2
0.0,,26,3
1.645869067861577,26,29,3
1.8024196215328976,29,32,3
0.0,,57,4
0.0,,57,5
0.5383551744867416,57,74,5
0.6753963400887233,74,10,5
0.6814545120859063,74,58,5
1.033970659492297,74,42,5
1.2211408202727638,74,66,5
