time,infector,infectee,run_id
0.0,,5,1
0.10536418001595149,5,7,1
0.366947643567359,7,16,1
0.37366815406697784,7,8,1
0.4355018136581998,16,0,1
0.6714330543492585,7,11,1
0.6980590615515265,16,18,1
0.7890073917715635,16,13,1
0.9931319795751601,7,1,1
1.0088971096326145,7,10,1
1.0586207838653976,11,3,1
1.6639468899257857,1,17,1
2.0771542852915377,8,12,1
0.0,,17,2
0.0,,17,3
0.0,,10,4
0.0,,2,5
