time,infector,infectee,run_id
0.0,,GIN,1
0.19342791243264773,GIN,MER,1
0.8287700377514955,MER,ISO,1
0.8484846051072128,ISO,MSI,1
3.8338556436238647,MER,BAG,1
4.26327561645721,BAG,SIR,1
4.751650028410231,MER,MAY,1
0.0,,DIA,2
4.040485158859858,DIA,SIM,2
0.0,,MOL,3
0.3647156849152405,MOL,TRU,3
0.0,,SIR,4
2.3304392397687286,SIR,BAG,4
2.8403367351329165,BAG,MER,4
3.1312736230500855,MER,ISO,4
3.2947520429373682,MER,MAY,4
3.4971055087211873,MER,GIN,4
0.0,,MOL,5
0.5143803852824892,MOL,TRU,5
