time,infector,infectee,run_id
0.0,,056008286,1
0.447024575533414,056008286,053050008,1
0.0,,056300302,2
0.16483775091022648,056300302,052869020,2
0.0,,053383080,3
0.0,,052596057,4
0.0,,055885109,5
0.11847898627781465,055885109,052777595,5
