time,infector,infectee,run_id
0.0,,063368122,1
0.2402283581451217,063368122,066857009,1
0.44908072678777555,063368122,063369126,1
0.7977500973269609,063369126,062101614,1
0.0,,062101614,2
0.0,,067776838,3
0.0,,067104842,4
0.39923164305928266,067104842,066870854,4
0.8749889666315318,067104842,067103278,4
0.0,,066809638,5
1.1952690243758166,066809638,062770825,5
1.5094386495085408,062770825,066805789,5
