time,infector,infectee,run_id
0.0,,TCS0064,1
0.0,,TCS0052,2
0.0,,TCS0049,3
1.1206735454647496,TCS0049,TCS0065,3
0.0,,TCS0023,4
0.0,,TCS0049,5
1.0958823674041676,TCS0049,TCS0065,5
