time,infector,infectee,run_id
0.0,,082314571,1
0.0,,095573865,2
0.3001978062538844,095573865,092550616,2
0.6781080404078187,092550616,092313362,2
8.963031692193885,092550616,095593589,2
0.0,,092313362,3
0.0,,082314571,4
3.4315082698071593,082314571,095566074,4
0.0,,095596055,5
