time,infector,infectee,run_id
0.0,,081305830,1
0.0,,081324306,2
0.0,,092269529,3
0.13873704756040645,092269529,092580266,3
1.165650696777988,092269529,092318826,3
0.0,,092262531,4
0.7134513846099325,092262531,092336607,4
0.0,,092338631,5
