time,infector,infectee,run_id
0.0,,295M,1
0.0,,295M,2
0.0,,353F,3
0.39240947617815936,353F,296M,3
0.7212131173010188,353F,287M,3
1.1409296643106568,353F,308M,3
1.8600027721187018,308M,327F,3
2.1917408298806937,308M,349F,3
2.540554756062637,353F,294M,3
2.792473445247149,353F,297M,3
3.1804694935579416,327F,292M,3
4.006998134253769,297M,352F,3
5.148784142124297,297M,344F,3
6.921307483724025,297M,345F,3
0.0,,344F,4
0.0,,359F,5
