time,infector,infectee,run_id
0.0,,27,1
0.0,,53,2
0.0,,4,3
1.2552483506208103,4,18,3
0.0,,63,4
1.2897835098423174,63,18,4
1.3857948217347091,18,4,4
1.3956936456047928,4,74,4
0.0,,75,5
0.975751875756937,75,62,5
1.2460851832029542,62,6,5
1.3553606042847859,62,50,5
