time,infector,infectee,run_id
0.0,,TPV19,1
0.0,,TPV21,2
0.0,,TPV121,3
0.7319294976984945,TPV121,TPV117,3
1.3871125961861979,TPV117,TPV109,3
1.8653449011071976,TPV121,TPV114,3
14.085929810525203,TPV114,TPV113,3
23.087047409995492,TPV113,TPV111,3
0.0,,TPV122,4
0.0,,TPV130,5
