time,infector,infectee,run_id
0.0,,15,1
0.0,,9,2
0.431779739577529,9,5,2
0.942988025679836,5,20,2
1.3267366386017416,5,2,2
1.8988442657297069,20,24,2
0.0,,17,3
0.0,,19,4
0.0,,22,5
0.08179320397767069,22,8,5
