time,infector,infectee,run_id
0.0,,081823348,1
0.6944598600363463,081823348,081584070,1
1.143597875712115,081823348,092291531,1
1.5777364505593556,092291531,092029124,1
2.296050775661218,092291531,081325042,1
0.0,,081305532,2
0.11423904832948206,081305532,081323827,2
0.0,,081325522,3
0.5332558545896987,081325522,081327269,3
0.0,,081792004,4
0.0,,081778889,5
