time,infector,infectee,run_id
0.0,,18f,1
0.0,,8f,2
0.0,,18f,3
0.0,,20f,4
0.16363120142633433,20f,17f,4
0.539879722394401,20f,6f,4
0.5766921438180193,6f,11m,4
0.855304086642384,11m,25m,4
1.186540219926515,11m,1m,4
0.0,,21m,5
