time,infector,infectee,run_id
0.0,,068027050,1
0.4920919858885608,068027050,066870774,1
3.356282901362703,066870774,067053296,1
0.0,,067258117,2
6.209357907154795,067258117,067057333,2
0.0,,067057333,3
0.4597572689738638,067057333,067258117,3
0.0,,066869356,4
1.3022265062885607,066869356,067048097,4
4.418284669055263,067048097,068066870,4
0.0,,066870774,5
1.119637649915411,066870774,068027050,5
1.850631710433631,066870774,067053296,5
