time,infector,infectee,run_id
0.0,,4,1
0.0,,18,2
0.0,,13,3
0.8725464266812416,13,15,3
3.9380915727087933,13,12,3
4.224397234578957,12,17,3
4.456290920774023,17,16,3
4.458074183519294,12,0,3
4.508149662858253,0,3,3
5.316061620031812,17,5,3
5.41116276462634,3,1,3
5.473016710868469,1,8,3
6.013571710780342,17,10,3
8.104417183663308,5,9,3
8.423451428248333,5,6,3
0.0,,20,4
0.0,,12,5
2.0234973475320106,12,0,5
2.9856983741682908,0,20,5
