time,infector,infectee,run_id
0.0,,dc,1
0.0,,vd,2
0.0,,qa,3
0.0,,oo,4
0.5063015938889912,oo,gv,4
2.013235103892084,gv,qa,4
2.562507069395853,qa,zb,4
3.390290670171204,qa,sq,4
3.7661356635278964,sq,mw,4
4.984690520580767,sq,qr,4
6.331702165413128,sq,il,4
0.0,,qa,5
1.3053289687184941,qa,mw,5
