time,infector,infectee,run_id
0.0,,079635797,1
0.0,,079598286,2
0.6974874389932071,079598286,079602577,2
0.6976309490833925,079598286,079789585,2
0.0,,073068539,3
0.20077687736954303,073068539,079630775,3
0.4149603419522965,079630775,096543337,3
0.5032151288999396,079630775,079601104,3
0.5629581695964682,073068539,072837348,3
0.0,,079791312,4
0.0,,067856079,5
