time,infector,infectee,run_id
0.0,,7,1
0.013383534340579102,7,3,1
0.0,,3,2
0.42243517042577444,3,7,2
0.0,,3,3
0.0,,0,4
0.04911565375237494,0,24,4
0.06971662199304599,0,15,4
0.0,,14,5
0.4197521454934022,14,19,5
