time,infector,infectee,run_id
0.0,,095570793,1
0.0,,095572837,2
0.32497641002427535,095572837,092091822,2
2.158466793627429,092091822,106311574,2
0.0,,092103636,3
0.0,,092618051,4
0.0,,092557314,5
