time,infector,infectee,run_id
0.0,,MOR,1
0.18970437742522359,MOR,GAS,1
3.6630529433641437,MOR,PIP,1
4.665616031964503,PIP,CUC,1
4.730519020270633,CUC,PTE,1
0.0,,MSI,2
0.2481686285664503,MSI,ISO,2
0.8924251435480712,ISO,MER,2
0.0,,MOL,3
0.0,,CUC,4
0.0,,BAG,5
0.13621698099740764,BAG,MER,5
0.3822018224921885,MER,MAY,5
0.5209703782025892,MER,ISO,5
3.6843421515688908,MER,GIN,5
