time,infector,infectee,run_id
0.0,,70,1
0.7830171391674295,70,53,1
2.297332335335054,53,58,1
3.658698167977044,58,55,1
5.546647036591972,58,38,1
0.0,,3,2
0.0,,58,3
0.21190946637403008,58,53,3
0.724630044277428,58,2,3
1.189799077517164,58,55,3
1.4989534303305954,58,38,3
1.9187099877547051,38,74,3
0.0,,57,4
0.07002028810252568,57,25,4
0.08076232288117564,25,16,4
1.635973795758436,16,4,4
2.583301859808664,4,42,4
3.226884375099019,42,2,4
0.0,,49,5
0.17392825467876738,49,28,5
