time,infector,infectee,run_id
0.0,,079570341,1
0.0,,096360884,2
0.03751994398675058,096360884,072888895,2
0.0,,072888895,3
0.0,,079801805,4
0.0,,079801805,5
2.8682169663228367,079801805,079626113,5
