time,infector,infectee,run_id
0.0,,NW,1
0.19068127511365313,NW,CS,1
1.3573581600442193,NW,MS,1
1.6058117417545663,MS,PN,1
1.6467388116089368,MS,MK,1
1.8419880791357852,PN,GU,1
1.8616932349707245,MS,KB,1
2.156305438753489,KB,BF,1
2.18094057314267,KB,LL,1
2.211264613772473,MS,TR,1
3.03772567637899,PN,SB,1
3.2967978741035524,GU,NB,1
0.0,,KB,2
0.0,,NW,3
0.0,,TR,4
0.03394319971663443,TR,LL,4
0.5806687117295704,LL,MS,4
0.7501321215126524,LL,CS,4
1.0167594590517948,CS,NW,4
0.0,,BF,5
