time,infector,infectee,run_id
0.0,,3F,1
0.0,,2F,2
1.8949829521308994,2F,1M,2
0.0,,4F,3
0.0,,5M,4
18.145463592539734,5M,9F,4
0.0,,9F,5
2.170846039849749,9F,6M,5
2.6871475575058743,9F,3M,5
5.012439441823258,9F,5M,5
5.881692992026681,6M,1F1FF,5
7.074751777858373,3M,6F,5
7.8868885993848945,6M,1F2FF,5
