time,infector,infectee,run_id
0.0,,G6213,1
0.0,,3PE,2
0.3865510713004879,3PE,3AU,2
0.0,,GL,3
4.378550987911083,GL,3MA,3
4.821341388688473,GL,8DM,3
7.325519046128389,GL,3MX,3
0.0,,6ZN,4
0.15485115170817618,6ZN,6NI,4
0.0,,3PE,5
