time,infector,infectee,run_id
0.0,,T3716,1
0.0,,T3592,2
0.013273284175738852,T3592,T4603,2
0.17052994986838346,T3592,T4421,2
0.0,,T5133,3
0.0,,T4136,4
0.0,,T4159,5
