time,infector,infectee,run_id
0.0,,bnr,1
0.00512264626319417,bnr,ngg,1
0.20240522278962586,bnr,rnr,1
1.216467900455508,bnr,nbn,1
1.571525161023118,rnr,nbr,1
1.6688742150364535,rnr,nrr,1
1.8795754540696457,nbr,nng,1
1.9385070328597391,nbr,bnn,1
3.013866949782566,nbn,ngn,1
3.845747773984371,nbn,nrn,1
0.0,,nng,2
0.22832223406180388,nng,gnr,2
0.28751400237542285,gnr,nbr,2
0.3576091156966038,nbr,nnb,2
0.0,,gnr,3
0.0,,ngg,4
0.0,,ngg,5
0.04038632754360103,ngg,bnr,5
0.23741178931150514,ngg,rnr,5
