time,infector,infectee,run_id
0.0,,TCS0005,1
0.6744600687936732,TCS0005,TCS0004,1
6.688964361784149,TCS0004,TCS0002,1
7.142422583345023,TCS0004,TCS0003,1
0.0,,TCS0006,2
1.3554676612527896,TCS0006,TCS0012,2
0.0,,TCS0014,3
0.0,,TCS0004,4
0.12917230548399078,TCS0004,TCS0005,4
1.4766283030696947,TCS0004,TCS0002,4
1.9163573908917788,TCS0002,TCS0003,4
0.0,,TCS0011,5
