time,infector,infectee,run_id
0.0,,066840854,1
0.07754837914720175,066840854,067854119,1
0.0,,067009841,2
0.0,,066813831,3
0.5130077390832056,066813831,067057333,3
1.009848256489068,067057333,066828259,3
1.4432148383382482,067057333,067854119,3
0.0,,067854119,4
1.242085755361452,067854119,067057333,4
1.7666442947000496,067057333,067264607,4
1.8336455033781744,067264607,066846037,4
0.0,,067081593,5
0.8728257126902191,067081593,066851623,5
