time,infector,infectee,run_id
0.0,,047062293,1
0.0,,047043085,2
0.05463594307391382,047043085,045110587,2
0.0,,047032529,3
0.0,,044009560,4
0.0,,047011288,5
0.2766603730519016,047011288,047032529,5
