time,infector,infectee,run_id
0.0,,?m6,1
0.7734096873533536,?m6,I,1
2.451653752740161,?m6,H,1
2.8815535303458617,H,m14,1
0.0,,m3,2
3.41217002044297,m3,?f1,2
4.00133842658013,?f1,?m2,2
6.5954874947580056,?f1,m4,2
0.0,,m26,3
0.0,,m29,4
1.939532919290099,m29,N,4
0.0,,L,5
0.22278836183561132,L,m23,5
0.22348780611752364,L,m26,5
1.0541160736037918,L,m25,5
1.113174268154225,L,?m8,5
1.3091959174603103,L,m22,5
