time,infector,infectee,run_id
0.0,,079775067,1
0.0,,073053891,2
0.0,,079590037,3
1.5010307851252107,079590037,072820553,3
2.997145904244915,072820553,073073256,3
4.766101107312568,073073256,073053891,3
4.777193248864607,073073256,096366573,3
5.310106438729855,073053891,096534590,3
6.9094141817006705,096534590,079783870,3
0.0,,079604796,4
1.966694545031005,079604796,073015030,4
3.204886208285988,073015030,073083789,4
0.0,,072823268,5
