time,infector,infectee,run_id
0.0,,27M,1
0.0,,G,2
1.523208154027541,G,20M,2
0.0,,27M,3
0.4097873836266747,27M,I,3
0.0,,27M,4
0.0,,I,5
