time,infector,infectee,run_id
0.0,,T3079,1
0.0,,T4229,2
0.0,,T3009,3
0.0,,T3010,4
0.30715963024468196,T3010,T3127,4
0.9237236665544786,T3010,T3020,4
3.1029796911842324,T3020,T3071,4
0.0,,T4163,5
