time,infector,infectee,run_id
0.0,,T616,1
0.0,,T609,2
0.3058073222791998,T609,T628,2
0.7034622733303247,T609,T727,2
0.0,,T717,3
0.0,,T604,4
0.0,,T604,5
