time,infector,infectee,run_id
0.0,,047048095,1
0.0,,055518046,2
0.0,,056281599,3
0.0,,055538570,4
0.09716475288318425,055538570,055518046,4
1.0393398627500874,055538570,052834540,4
0.0,,052834540,5
