time,infector,infectee,run_id
0.0,,B44,1
0.37540271403633124,B44,G12M,1
1.0987953642671677,G12M,D35,1
0.0,,D47,2
0.0,,B55,3
0.0,,3907M,4
2.404817110429416,3907M,D30,4
0.0,,D20M,5
