time,infector,infectee,run_id
0.0,,079572054,1
0.0,,096519020,2
0.5453208972960653,096519020,096383513,2
1.0456181985422695,096383513,079778894,2
1.062638316639532,096519020,096535534,2
0.0,,096383513,3
0.3782055720933979,096383513,079552378,3
1.3225249757451065,079552378,079778894,3
0.0,,095566590,4
0.0,,095593857,5
