time,infector,infectee,run_id
0.0,,073107614,1
0.0,,073001036,2
0.7892864379808341,073001036,073095014,2
2.5984301388672417,073001036,073106792,2
0.0,,072860010,3
0.0,,072861557,4
0.0,,063364283,5
0.49932135722331944,063364283,072888895,5
