time,infector,infectee,run_id
0.0,,7,1
0.310637540487199,7,12,1
0.6446796538390867,7,6,1
0.7093239477021576,12,13,1
0.0,,13,2
0.0,,6,3
0.27457314867644145,6,7,3
0.0,,13,4
0.11833747152303861,13,1,4
0.31698294883881184,13,12,4
0.0,,11,5
