time,infector,infectee,run_id
0.0,,148F,1
0.7768522937877843,148F,84M,1
0.0,,120F,2
0.290093821051022,120F,85M,2
0.0,,43M,3
0.0,,135F,4
0.0,,148F,5
