time,infector,infectee,run_id
0.0,,M2,1
1.532642109499903,M2,F12,1
0.0,,M14,2
0.39247624356470134,M14,F19,2
0.0,,F17,3
0.6903608157029281,F17,M1,3
2.265636307762949,M1,F16,3
0.0,,M3,4
0.4787260768592992,M3,F13,4
0.0,,M16,5
0.33624501239916316,M16,F18,5
1.4305860881292047,M16,F10,5
1.858624514630499,M16,F2,5
2.650338133560874,F18,M12,5
