time,infector,infectee,run_id
0.0,,MS26,1
0.2670107345579322,MS26,MN17,1
0.0,,MN25,2
0.07290768571462855,MN25,MS20,2
0.17172383570714855,MS20,MN12,2
0.24971351180182755,MN12,FN8,2
0.8558768344970367,MS20,MN13,2
2.672399729880561,MS20,MN27,2
3.5434126344261334,MN27,MN29,2
0.0,,MN16,3
0.0,,FS5,4
0.0,,FN2,5
