time,infector,infectee,run_id
0.0,,59,1
0.0441143859918876,59,53,1
0.0,,13,2
1.437349532121649,13,53,2
2.4766224812779374,13,59,2
2.490008823894887,59,28,2
2.8849877111731668,13,57,2
3.246874674753096,57,55,2
3.4148410646944445,53,73,2
3.7979825474357005,13,3,2
0.0,,56,3
0.0,,55,4
0.0,,13,5
0.04385341927877783,13,3,5
