time,infector,infectee,run_id
0.0,,grr	,1
0.0,,ggg	,2
0.0,,bng	,3
0.23910587322608046,bng	,rng	,3
0.472523741473698,bng	,nrb	,3
0.0,,gbb	,4
0.4076317043498604,gbb	,grb	,4
1.2588700535707216,grb	,brr	,4
1.5102286041204995,grb	,bgr	,4
2.83578005538838,brr	,grr	,4
0.0,,ryn	,5
