time,infector,infectee,run_id
0.0,,6,1
0.0,,10,2
0.19190577629998357,10,0,2
0.2377099427998912,0,3,2
0.4908885130002304,3,6,2
0.8389455393989613,6,1,2
1.0978954832224452,1,2,2
1.37728886982685,2,7,2
1.555323885405973,1,12,2
1.6637286168307233,0,9,2
2.2323200410426054,1,8,2
0.0,,12,3
0.5855141437248642,12,10,3
0.8236464563548775,12,1,3
0.8465115959529512,12,11,3
1.4411647238146594,11,5,3
0.0,,8,4
0.0,,4,5
