time,infector,infectee,run_id
0.0,,V8,1
0.0,,V1,2
1.8079513885269605,V1,V2,2
0.0,,V1,3
0.0,,V10,4
0.14539755348801633,V10,V2,4
0.15296907384707203,V2,V5,4
0.2986854403255736,V5,V1,4
0.33710673855117324,V2,V6,4
0.338418599399345,V1,V7,4
0.36809887691822063,V2,V8,4
0.37846174905197916,V7,V9,4
0.40278781264513136,V6,V4,4
1.0984885794074188,V4,V3,4
0.0,,V1,5
