time,infector,infectee,run_id
0.0,,096537586,1
0.0,,095581079,2
0.14109329738878706,095581079,095572537,2
0.38206021596185014,095581079,095565056,2
0.0,,095573037,3
0.0,,095580874,4
0.0,,096517343,5
