time,infector,infectee,run_id
0.0,,072789309,1
0.0,,079606012,2
0.0,,095595316,3
0.0,,079555296,4
0.2016025108581152,079555296,095565087,4
0.2518934061906114,079555296,096516892,4
0.0,,079569855,5
0.13469436531681048,079569855,073047886,5
