time,infector,infectee,run_id
0.0,,TCS0011,1
0.0,,TCS0023,2
0.0,,TCS0012,3
1.1908254739320716,TCS0012,TFW6752,3
0.0,,TCS0054,4
0.12363230454824094,TCS0054,TCS0030,4
0.20751909413007055,TCS0054,TCS0055,4
0.0,,TCS0060,5
1.026335253978885,TCS0060,TCS0064,5
