time,infector,infectee,run_id
0.0,,THW0246,1
0.0,,TFW6462,2
0.0,,TFW6462,3
0.0,,THW0244,4
1.5795787269385724,THW0244,THW0231,4
1.9901019354152967,THW0244,TFW6959,4
0.0,,THW0227,5
