time,infector,infectee,run_id
0.0,,067008866,1
0.0,,066809638,2
0.28636661784775036,066809638,066805789,2
1.4094495196622632,066809638,062770825,2
0.0,,063369126,3
0.0,,067103278,4
0.12728619805935218,067103278,067104842,4
0.3913046089056441,067104842,066870854,4
0.0,,062770825,5
