time,infector,infectee,run_id
0.0,,E28,1
0.04994699961863342,E28,C5,1
1.411945928226324,E28,D13,1
1.6333904231401493,D13,D31,1
3.103644181511477,D13,108F,1
4.118596637743587,108F,B22,1
4.334128928675086,D13,E51,1
0.0,,E28,2
0.0,,D31,3
0.0,,J2,4
0.0,,D54,5
0.35595356097659725,D54,C5,5
