time,infector,infectee,run_id
0.0,,12F,1
0.24973107378895407,12F,7M,1
0.42178990593569066,12F,14M,1
1.7903193521616583,14M,12AF,1
2.498979225026406,14M,10F,1
4.113529808966691,14M,6F,1
0.0,,17AF,2
0.0,,2DF,3
0.0,,16F,4
0.0,,7M,5
