time,infector,infectee,run_id
0.0,,Bm3,1
0.5364069594546247,Bm3,Bf3,1
2.7431815101372155,Bm3,Bf2,1
0.0,,Lf1,2
0.0,,Bm2,3
0.0,,Lm3,4
0.0,,Bf1,5
