time,infector,infectee,run_id
0.0,,1m,1
0.0,,17f,2
0.0,,18f,3
0.0,,16m,4
0.4743720451578555,16m,10m,4
0.6145672481190747,10m,1m,4
0.729847996158739,16m,17f,4
0.0,,27f,5
