time,infector,infectee,run_id
0.0,,T712,1
0.0,,T603,2
0.0,,T609,3
0.0,,T708,4
0.0,,T709,5
1.0597796311779735,T709,T607,5
5.627513848609436,T607,T721,5
9.003336260124788,T607,T604,5
