time,infector,infectee,run_id
0.0,,E2,1
0.0,,E43,2
0.0,,D54,3
0.43520972108836303,D54,G1,3
0.8588682423850753,G1,E52,3
0.0,,E2,4
0.098673081712088,E2,E28,4
0.0,,D54,5
