time,infector,infectee,run_id
0.0,,096543360,1
0.0,,095586262,2
0.0,,095594887,3
0.6385747166530032,095594887,079584622,3
1.2901480965874752,079584622,095566620,3
1.6138305050577455,095566620,079636775,3
1.625961311995979,095566620,079768283,3
0.0,,096520306,4
0.4575087562263354,096520306,096383301,4
1.4560306843826376,096520306,095582841,4
0.0,,079768283,5
