time,infector,infectee,run_id
0.0,,TFW7444,1
0.2288224309443173,TFW7444,TFW6755,1
0.4468081280684624,TFW6755,TPV134,1
0.0,,TPV133,2
0.0,,TPV152,3
0.037475947412432715,TPV152,TPV117,3
0.0,,TPV147,4
0.20947822602943753,TPV147,TPV153,4
0.0,,TPV148,5
0.6252705756287108,TPV148,TPV156,5
