time,infector,infectee,run_id
0.0,,066812269,1
0.6123766016518326,066812269,066816043,1
0.0,,059265052,2
0.0,,066847531,3
0.07059970090457804,066847531,067126005,3
0.0,,066834836,4
0.0,,067270286,5
0.5573399508453228,067270286,052556363,5
