time,infector,infectee,run_id
0.0,,31M,1
0.0,,C,2
0.0,,31M,3
0.0,,31M,4
7.204946442128086,31M,K,4
0.0,,26M,5
1.1833103735251724,26M,J,5
