time,infector,infectee,run_id
0.0,,056292776,1
0.8808544855428745,056292776,056009015,1
0.0,,053300349,2
0.0,,056302315,3
1.9579225347756508,056302315,055889260,3
2.2482314104183607,055889260,047081626,3
0.0,,055814813,4
0.0,,055523792,5
