time,infector,infectee,run_id
0.0,,TCS0065,1
2.80848226755564,TCS0065,TCS0049,1
0.0,,TCS0076,2
0.0,,TCS0026,3
0.7546029924900306,TCS0026,TCS0025,3
0.0,,TCS0049,4
0.0,,TCS0033,5
0.8772424121322359,TCS0033,TFW7850,5
0.9574865190941101,TCS0033,TCS0055,5
1.2299619954291618,TCS0033,TCS0011,5
1.5191265509634855,TCS0011,TFW6752,5
1.539681727329064,TFW6752,TCS0012,5
1.5568381460772671,TCS0055,TCS0054,5
2.4482612930385383,TCS0012,TCS0030,5
2.8812559409125416,TCS0011,TCS0035,5
