time,infector,infectee,run_id
0.0,,TPV140,1
0.0,,TPV144,2
0.0030624614130663843,TPV144,TPV133,2
0.37144640500571763,TPV144,TPV117,2
0.8821750726100951,TPV133,TFW6755,2
1.0996894268558197,TPV117,TPV114,2
1.120859739206593,TPV114,TFW7444,2
1.1587619885808569,TFW6755,TPV109,2
1.7483156745974036,TPV109,TFW7447,2
0.0,,TPV148,3
0.0,,TPV118,4
0.0,,TPV141,5
