time,infector,infectee,run_id
0.0,,TCS0015,1
0.0,,TCS0012,2
0.5518948417976347,TCS0012,TCS0006,2
0.6026930805636573,TCS0006,TCS0053,2
0.0,,TCS0002,3
0.18585339115997657,TCS0002,TCS0004,3
0.38861831042438844,TCS0004,TCS0003,3
1.8681106262897147,TCS0004,TCS0005,3
0.0,,TCS0002,4
0.5599188370284436,TCS0002,TCS0003,4
1.1627051706997338,TCS0003,TCS0004,4
2.1887822479595695,TCS0004,TCS0005,4
0.0,,TCS0013,5
