time,infector,infectee,run_id
0.0,,8,1
0.3716008453553381,8,10,1
0.0,,12,2
1.0657468317199357,12,13,2
0.0,,12,3
0.3538772300827263,12,5,3
0.3785196010686421,12,10,3
0.5101975980785981,10,13,3
0.5292368939122375,10,0,3
0.0,,3,4
0.0,,5,5
