time,infector,infectee,run_id
0.0,,5,1
0.0,,9,2
0.2664803577930125,9,5,2
0.8444273816141493,5,11,2
0.0,,6,3
0.17917897067752483,6,12,3
0.6288490823422129,12,3,3
0.6304533816699263,12,13,3
1.0465848979502907,3,14,3
1.2545862631955453,3,10,3
1.2722977404069633,14,8,3
1.3097964246112281,3,4,3
1.5246903074217053,4,1,3
0.0,,0,4
0.0,,15,5
